reactor,run,echem,rep,minutes,E_from_maxs,electrode,current_from_maxs,exp,max_current,E_from_mins,current_from_mins,min_current,signal,t_from_maxs,t_from_mins,min_time,time
soak,1,SWV,0,941.1833333333333,-0.267,i1,3.5177354e-6,1,3.5177354e-6,-0.082,1.0069284e-7,1.0069284e-7,3.41704256e-6,NA,NA,941.1833333333333,0.5
transfer,1,SWV,0,951.75,-0.268,i1,3.7691048e-6,1,3.7691048e-6,-0.095,1.0013216e-7,1.0013216e-7,3.6689726400000002e-6,NA,NA,951.75,0.5
transfer,1,SWV,9,977.2833333333333,-0.268,i1,2.6129675e-7,1,2.6129675e-7,-0.057,9.3469865e-8,9.3469865e-8,1.6782688500000002e-7,NA,NA,951.75,26.033333333333303
transfer,1,SWV,10,980.0666666666667,-0.272,i1,2.5672881e-7,1,2.5672881e-7,-0.127,8.9347168e-8,8.9347168e-8,1.6738164200000003e-7,NA,NA,951.75,28.81666666666672
transfer,1,SWV,11,983.5166666666667,-0.271,i1,2.3202558e-7,1,2.3202558e-7,-0.088,8.9742947e-8,8.9742947e-8,1.42282633e-7,NA,NA,951.75,32.26666666666665
transfer,1,SWV,12,986.2166666666667,-0.264,i1,2.3763246e-7,1,2.3763246e-7,-0.115,8.8572101e-8,8.8572101e-8,1.49060359e-7,NA,NA,951.75,34.9666666666667
transfer,1,SWV,13,988.9666666666667,-0.274,i1,2.2275776e-7,1,2.2275776e-7,-0.072,8.9825399e-8,8.9825399e-8,1.32932361e-7,NA,NA,951.75,37.7166666666667
transfer,1,SWV,14,991.7833333333333,-0.26,i1,2.1185734e-7,1,2.1185734e-7,-0.072,9.1260098e-8,9.1260098e-8,1.20597242e-7,NA,NA,951.75,40.5333333333333
transfer,1,SWV,15,994.5666666666667,-0.275,i1,2.1319309e-7,1,2.1319309e-7,-0.123,9.2562871e-8,9.2562871e-8,1.20630219e-7,NA,NA,951.75,43.31666666666672
transfer,1,SWV,1,954.6666666666666,-0.266,i1,1.263789e-6,1,1.263789e-6,-0.04,9.774098e-8,9.774098e-8,1.16604802e-6,NA,NA,951.75,3.4166666666666288
transfer,1,SWV,2,957.35,-0.265,i1,8.4358703e-7,1,8.4358703e-7,-0.034,9.783993e-8,9.783993e-8,7.457471e-7,NA,NA,951.75,6.100000000000023
transfer,1,SWV,3,960.0833333333334,-0.266,i1,6.2495195e-7,1,6.2495195e-7,-0.073,9.21506e-8,9.21506e-8,5.3280135e-7,NA,NA,951.75,8.833333333333371
transfer,1,SWV,4,963.0166666666667,-0.268,i1,4.7336849e-7,1,4.7336849e-7,-0.085,9.4459317e-8,9.4459317e-8,3.78909173e-7,NA,NA,951.75,11.766666666666652
transfer,1,SWV,5,965.75,-0.266,i1,4.0453588e-7,1,4.0453588e-7,-0.078,9.2513403e-8,9.2513403e-8,3.12022477e-7,NA,NA,951.75,14.5
transfer,1,SWV,6,968.45,-0.268,i1,3.5851005e-7,1,3.5851005e-7,-0.111,9.1853778e-8,9.1853778e-8,2.66656272e-7,NA,NA,951.75,17.200000000000045
transfer,1,SWV,7,971.6666666666666,-0.264,i1,3.0000069e-7,1,3.0000069e-7,-0.088,9.0534499e-8,9.0534499e-8,2.0946619099999998e-7,NA,NA,951.75,20.41666666666663
transfer,1,SWV,8,974.4,-0.265,i1,2.8309759e-7,1,2.8309759e-7,-0.072,9.040258e-8,9.040258e-8,1.9269500999999998e-7,NA,NA,951.75,23.149999999999977
soak,2,SWV,0,1009.4,-0.27,i1,3.5580556e-6,1,3.5580556e-6,-0.058,6.8849104e-8,6.8849104e-8,3.4892064960000003e-6,NA,NA,1009.4,0.5
transfer,2,SWV,0,1017.4666666666667,-0.27,i1,2.495718e-6,1,2.495718e-6,-0.087,9.1853764e-8,9.1853764e-8,2.4038642360000003e-6,NA,NA,1017.4666666666667,0.5
transfer,2,SWV,9,1042.5833333333333,-0.27,i1,2.1929469e-7,1,2.1929469e-7,-0.094,8.233858e-8,8.233858e-8,1.3695611e-7,NA,NA,1017.4666666666667,25.61666666666656
transfer,2,SWV,10,1045.3833333333334,-0.28,i1,2.049312e-7,1,2.049312e-7,-0.121,8.5273939e-8,8.5273939e-8,1.1965726100000002e-7,NA,NA,1017.4666666666667,28.416666666666742
transfer,2,SWV,11,1048.2333333333333,-0.261,i1,1.9958819e-7,1,1.9958819e-7,-0.083,8.3888708e-8,8.3888708e-8,1.15699482e-7,NA,NA,1017.4666666666667,31.26666666666665
transfer,2,SWV,12,1050.9666666666667,-0.263,i1,2.0575574e-7,1,2.0575574e-7,-0.104,8.5834628e-8,8.5834628e-8,1.19921112e-7,NA,NA,1017.4666666666667,34
transfer,2,SWV,13,1053.9333333333334,-0.288,i1,2.0024781e-7,1,2.0024781e-7,-0.093,7.9221813e-8,7.9221813e-8,1.21025997e-7,NA,NA,1017.4666666666667,36.9666666666667
transfer,2,SWV,14,1056.6833333333334,-0.284,i1,1.9224977e-7,1,1.9224977e-7,-0.144,8.7450722e-8,8.7450722e-8,1.04799048e-7,NA,NA,1017.4666666666667,39.7166666666667
transfer,2,SWV,15,1059.5,-0.28,i1,1.9025438e-7,1,1.9025438e-7,-0.099,8.2833296e-8,8.2833296e-8,1.07421084e-7,NA,NA,1017.4666666666667,42.5333333333333
transfer,2,SWV,1,1020.4,-0.275,i1,8.1171027e-7,1,8.1171027e-7,-0.075,8.8621576e-8,8.8621576e-8,7.23088694e-7,NA,NA,1017.4666666666667,3.4333333333332803
transfer,2,SWV,2,1023.1333333333333,-0.265,i1,5.3735283e-7,1,5.3735283e-7,-0.063,8.2486991e-8,8.2486991e-8,4.5486583900000004e-7,NA,NA,1017.4666666666667,6.166666666666629
transfer,2,SWV,3,1025.8666666666666,-0.271,i1,4.1680502e-7,1,4.1680502e-7,-0.064,7.704503e-8,7.704503e-8,3.3975999000000004e-7,NA,NA,1017.4666666666667,8.899999999999864
transfer,2,SWV,4,1028.55,-0.271,i1,3.4373429e-7,1,3.4373429e-7,-0.143,8.5818137e-8,8.5818137e-8,2.5791615300000004e-7,NA,NA,1017.4666666666667,11.583333333333258
transfer,2,SWV,5,1031.2666666666667,-0.271,i1,2.8750065e-7,1,2.8750065e-7,-0.129,8.5950063e-8,8.5950063e-8,2.0155058699999996e-7,NA,NA,1017.4666666666667,14.299999999999955
transfer,2,SWV,6,1034.4,-0.273,i1,2.650072e-7,1,2.650072e-7,-0.09,7.9436191e-8,7.9436191e-8,1.8557100900000002e-7,NA,NA,1017.4666666666667,17.433333333333394
transfer,2,SWV,7,1037.1,-0.272,i1,2.4030399e-7,1,2.4030399e-7,-0.151,8.8390699e-8,8.8390699e-8,1.5191329100000002e-7,NA,NA,1017.4666666666667,20.133333333333212
transfer,2,SWV,8,1039.8333333333333,-0.268,i1,2.2170235e-7,1,2.2170235e-7,-0.08,8.3657838e-8,8.3657838e-8,1.38044512e-7,NA,NA,1017.4666666666667,22.86666666666656
soak,3,SWV,0,1102.15,-0.268,i1,3.8686926e-6,1,3.8686926e-6,-0.049,1.0425487e-7,1.0425487e-7,3.76443773e-6,NA,NA,1102.15,0.5
transfer,3,SWV,0,1108.9833333333333,-0.27,i1,2.7713618e-6,1,2.7713618e-6,-0.075,9.7114338e-8,9.7114338e-8,2.674247462e-6,NA,NA,1108.9833333333333,0.5
transfer,3,SWV,9,1134.0833333333333,-0.268,i1,2.7989839e-7,1,2.7989839e-7,-0.092,9.3271979e-8,9.3271979e-8,1.8662641099999998e-7,NA,NA,1108.9833333333333,25.59999999999991
transfer,3,SWV,10,1136.8166666666666,-0.265,i1,2.6429808e-7,1,2.6429808e-7,-0.08,9.302461e-8,9.302461e-8,1.7127346999999996e-7,NA,NA,1108.9833333333333,28.333333333333258
transfer,3,SWV,11,1139.6333333333334,-0.264,i1,2.5484886e-7,1,2.5484886e-7,-0.117,9.351934e-8,9.351934e-8,1.6132951999999998e-7,NA,NA,1108.9833333333333,31.15000000000009
transfer,3,SWV,12,1142.4,-0.278,i1,2.4078219e-7,1,2.4078219e-7,-0.071,8.8786479e-8,8.8786479e-8,1.5199571100000002e-7,NA,NA,1108.9833333333333,33.91666666666674
transfer,3,SWV,13,1145.1666666666667,-0.278,i1,2.3194313e-7,1,2.3194313e-7,-0.097,8.6939508e-8,8.6939508e-8,1.45003622e-7,NA,NA,1108.9833333333333,36.683333333333394
transfer,3,SWV,14,1148,-0.265,i1,2.2366474e-7,1,2.2366474e-7,-0.084,9.1870263e-8,9.1870263e-8,1.3179447699999998e-7,NA,NA,1108.9833333333333,39.51666666666665
transfer,3,SWV,15,1150.7666666666667,-0.268,i1,2.2247741e-7,1,2.2247741e-7,-0.092,9.21506e-8,9.21506e-8,1.3032681e-7,NA,NA,1108.9833333333333,42.2833333333333
transfer,3,SWV,1,1111.8833333333334,-0.272,i1,1.1313185e-6,1,1.1313185e-6,-0.058,9.8697448e-8,9.8697448e-8,1.032621052e-6,NA,NA,1108.9833333333333,3.400000000000091
transfer,3,SWV,2,1114.5666666666666,-0.269,i1,7.7211587e-7,1,7.7211587e-7,-0.112,9.2430945e-8,9.2430945e-8,6.79684925e-7,NA,NA,1108.9833333333333,6.0833333333332575
transfer,3,SWV,3,1117.2833333333333,-0.27,i1,6.0709243e-7,1,6.0709243e-7,-0.056,9.4261424e-8,9.4261424e-8,5.12831006e-7,NA,NA,1108.9833333333333,8.799999999999955
transfer,3,SWV,4,1120.05,-0.27,i1,4.9508685e-7,1,4.9508685e-7,-0.092,9.3156544e-8,9.3156544e-8,4.0193030599999995e-7,NA,NA,1108.9833333333333,11.566666666666606
transfer,3,SWV,5,1122.8666666666666,-0.274,i1,4.1169287e-7,1,4.1169287e-7,-0.088,9.6174361e-8,9.6174361e-8,3.15518509e-7,NA,NA,1108.9833333333333,14.383333333333212
transfer,3,SWV,6,1125.8333333333333,-0.269,i1,3.5498101e-7,1,3.5498101e-7,-0.107,9.3090577e-8,9.3090577e-8,2.61890433e-7,NA,NA,1108.9833333333333,17.34999999999991
transfer,3,SWV,7,1128.6333333333334,-0.275,i1,3.1728302e-7,1,3.1728302e-7,-0.118,9.6669083e-8,9.6669083e-8,2.20613937e-7,NA,NA,1108.9833333333333,20.15000000000009
transfer,3,SWV,8,1131.3833333333334,-0.275,i1,2.9508641e-7,1,2.9508641e-7,-0.135,9.2661821e-8,9.2661821e-8,2.0242458899999998e-7,NA,NA,1108.9833333333333,22.90000000000009
control,transfer,0,NA,920.3333333333334,-0.399,i1,1.6330841e-7,1,1.6330841e-7,-0.096,6.9228385e-8,6.9228385e-8,9.4080025e-8,NA,NA,920.3333333333334,0.5
soak,1,SWV,0,919.7833333333333,-0.222,i1,7.7033528e-6,2,7.7033528e-6,-0.009,1.0749568e-6,1.0749568e-6,6.628396e-6,NA,NA,918.75,1.533333333333303
transfer,1,SWV,0,922.9166666666666,-0.219,i1,4.0279101e-6,2,4.0279101e-6,-0.011,1.0984237e-6,1.0984237e-6,2.9294864e-6,NA,NA,922.9166666666666,0.5
transfer,1,SWV,9,948.4833333333333,-0.219,i1,1.4279112e-6,2,1.4279112e-6,-0.036,1.0819557e-6,1.0819557e-6,3.459555000000001e-7,NA,NA,922.9166666666666,26.06666666666672
transfer,1,SWV,10,951.2,-0.216,i1,1.3988088e-6,2,1.3988088e-6,-0.058,1.0856256e-6,1.0856256e-6,3.1318320000000007e-7,NA,NA,922.9166666666666,28.783333333333417
transfer,1,SWV,11,953.8833333333333,-0.212,i1,1.3802554e-6,2,1.3802554e-6,-0.044,1.0865624e-6,1.0865624e-6,2.9369299999999985e-7,NA,NA,922.9166666666666,31.466666666666697
transfer,1,SWV,12,956.6,-0.218,i1,1.3743942e-6,2,1.3743942e-6,-0.062,1.0851584e-6,1.0851584e-6,2.8923579999999997e-7,NA,NA,922.9166666666666,34.183333333333394
transfer,1,SWV,13,959.3333333333334,-0.222,i1,1.3461366e-6,2,1.3461366e-6,-0.059,1.0871071e-6,1.0871071e-6,2.5902949999999984e-7,NA,NA,922.9166666666666,36.91666666666674
transfer,1,SWV,14,962.0833333333334,-0.214,i1,1.3448036e-6,2,1.3448036e-6,-0.056,1.0879367e-6,1.0879367e-6,2.5686690000000003e-7,NA,NA,922.9166666666666,39.66666666666674
transfer,1,SWV,15,964.8333333333334,-0.214,i1,1.3270397e-6,2,1.3270397e-6,-0.047,1.0835371e-6,1.0835371e-6,2.435026e-7,NA,NA,922.9166666666666,42.41666666666674
transfer,1,SWV,1,925.8,-0.219,i1,2.1303392e-6,2,2.1303392e-6,-0.035,1.0947907e-6,1.0947907e-6,1.0355485e-6,NA,NA,922.9166666666666,3.3833333333333258
transfer,1,SWV,2,928.6166666666667,-0.219,i1,1.8180668e-6,2,1.8180668e-6,-0.051,1.0878339e-6,1.0878339e-6,7.302329000000001e-7,NA,NA,922.9166666666666,6.2000000000000455
transfer,1,SWV,3,931.45,-0.218,i1,1.7092011e-6,2,1.7092011e-6,-0.047,1.0850326e-6,1.0850326e-6,6.241685e-7,NA,NA,922.9166666666666,9.033333333333417
transfer,1,SWV,4,934.5166666666667,-0.216,i1,1.6060494e-6,2,1.6060494e-6,-0.028,1.0864759e-6,1.0864759e-6,5.195735000000001e-7,NA,NA,922.9166666666666,12.100000000000023
transfer,1,SWV,5,937.6333333333333,-0.214,i1,1.585792e-6,2,1.585792e-6,-0.031,1.0865785e-6,1.0865785e-6,4.992134999999999e-7,NA,NA,922.9166666666666,15.216666666666697
transfer,1,SWV,6,940.3333333333334,-0.217,i1,1.4679638e-6,2,1.4679638e-6,-0.038,1.0837745e-6,1.0837745e-6,3.841893e-7,NA,NA,922.9166666666666,17.916666666666742
transfer,1,SWV,7,943.0666666666667,-0.218,i1,1.4932233e-6,2,1.4932233e-6,-0.05,1.0853062e-6,1.0853062e-6,4.079170999999999e-7,NA,NA,922.9166666666666,20.65000000000009
transfer,1,SWV,8,945.7833333333333,-0.221,i1,1.4510649e-6,2,1.4510649e-6,-0.043,1.0850194e-6,1.0850194e-6,3.6604549999999985e-7,NA,NA,922.9166666666666,23.366666666666674
soak,2,SWV,0,987.4833333333333,-0.223,i1,7.7170016e-6,2,7.7170016e-6,-0.015,1.07368e-6,1.07368e-6,6.6433216e-6,NA,NA,986.9166666666666,1.0666666666667197
transfer,2,SWV,0,991.1666666666666,-0.222,i1,6.7434321e-6,2,6.7434321e-6,-0.036,1.1358271e-6,1.1358271e-6,5.607605e-6,NA,NA,991.1666666666666,0.5
transfer,2,SWV,9,1016.6166666666667,-0.218,i1,1.433834e-6,2,1.433834e-6,-0.044,1.1391126e-6,1.1391126e-6,2.9472140000000003e-7,NA,NA,991.1666666666666,25.950000000000045
transfer,2,SWV,10,1019.7166666666667,-0.218,i1,1.4017461e-6,2,1.4017461e-6,-0.067,1.1250229e-6,1.1250229e-6,2.767231999999999e-7,NA,NA,991.1666666666666,29.050000000000068
transfer,2,SWV,11,1022.4666666666667,-0.22,i1,1.3688434e-6,2,1.3688434e-6,-0.064,1.1262895e-6,1.1262895e-6,2.425539000000001e-7,NA,NA,991.1666666666666,31.800000000000068
transfer,2,SWV,12,1025.2166666666667,-0.216,i1,1.3633008e-6,2,1.3633008e-6,-0.059,1.124084e-6,1.124084e-6,2.3921680000000014e-7,NA,NA,991.1666666666666,34.55000000000007
transfer,2,SWV,13,1027.9666666666667,-0.214,i1,1.3571353e-6,2,1.3571353e-6,-0.051,1.1279712e-6,1.1279712e-6,2.2916410000000007e-7,NA,NA,991.1666666666666,37.30000000000007
transfer,2,SWV,14,1030.5833333333333,-0.218,i1,1.352715e-6,2,1.352715e-6,-0.057,1.1222165e-6,1.1222165e-6,2.3049850000000002e-7,NA,NA,991.1666666666666,39.91666666666663
transfer,2,SWV,15,1033.3666666666666,-0.22,i1,1.3291955e-6,2,1.3291955e-6,-0.057,1.1257948e-6,1.1257948e-6,2.0340070000000003e-7,NA,NA,991.1666666666666,42.69999999999993
transfer,2,SWV,1,994.1166666666667,-0.22,i1,2.7772321e-6,2,2.7772321e-6,-0.047,1.2342065e-6,1.2342065e-6,1.5430255999999998e-6,NA,NA,991.1666666666666,3.4500000000000455
transfer,2,SWV,2,997.3666666666667,-0.221,i1,2.2016418e-6,2,2.2016418e-6,-0.034,1.2129673e-6,1.2129673e-6,9.886744999999998e-7,NA,NA,991.1666666666666,6.7000000000000455
transfer,2,SWV,3,1000.2666666666667,-0.221,i1,1.7946443e-6,2,1.7946443e-6,-0.033,1.2112031e-6,1.2112031e-6,5.834412e-7,NA,NA,991.1666666666666,9.600000000000023
transfer,2,SWV,4,1002.9666666666667,-0.22,i1,1.6607534e-6,2,1.6607534e-6,-0.029,1.1791338e-6,1.1791338e-6,4.816195999999999e-7,NA,NA,991.1666666666666,12.300000000000068
transfer,2,SWV,5,1005.7166666666667,-0.223,i1,1.5741007e-6,2,1.5741007e-6,-0.046,1.167728e-6,1.167728e-6,4.063727000000001e-7,NA,NA,991.1666666666666,15.050000000000068
transfer,2,SWV,6,1008.4166666666666,-0.214,i1,1.521512e-6,2,1.521512e-6,-0.041,1.1643531e-6,1.1643531e-6,3.5715890000000014e-7,NA,NA,991.1666666666666,17.75
transfer,2,SWV,7,1011.2166666666667,-0.222,i1,1.4712601e-6,2,1.4712601e-6,-0.046,1.1506005e-6,1.1506005e-6,3.2065960000000015e-7,NA,NA,991.1666666666666,20.550000000000068
transfer,2,SWV,8,1013.9166666666666,-0.217,i1,1.4299902e-6,2,1.4299902e-6,-0.049,1.1459645e-6,1.1459645e-6,2.840257e-7,NA,NA,991.1666666666666,23.25
soak,3,SWV,0,1131.2166666666667,-0.269,i1,6.8981681e-6,2,6.8981681e-6,-0.011,1.8591071e-6,1.8591071e-6,5.0390610000000006e-6,NA,NA,1130.6833333333334,1.033333333333303
transfer,3,SWV,0,1134.15,-0.265,i1,4.9628575e-6,2,4.9628575e-6,-0.397,1.7208317e-6,1.7208317e-6,3.2420258e-6,NA,NA,1134.15,0.5
transfer,3,SWV,9,1159.4333333333334,-0.237,i1,1.8880814e-6,2,1.8880814e-6,-0.398,1.3868271e-6,1.3868271e-6,5.012543e-7,NA,NA,1134.15,25.783333333333303
transfer,3,SWV,10,1162.1833333333334,-0.245,i1,1.861086e-6,2,1.861086e-6,-0.399,1.3700887e-6,1.3700887e-6,4.909973000000002e-7,NA,NA,1134.15,28.533333333333303
transfer,3,SWV,11,1164.9,-0.21,i1,1.8205681e-6,2,1.8205681e-6,-0.39,1.3670216e-6,1.3670216e-6,4.535465000000001e-7,NA,NA,1134.15,31.25
transfer,3,SWV,12,1167.6666666666667,-0.244,i1,1.7996248e-6,2,1.7996248e-6,-0.4,1.3463422e-6,1.3463422e-6,4.5328260000000016e-7,NA,NA,1134.15,34.01666666666665
transfer,3,SWV,13,1170.4666666666667,-0.206,i1,1.7712111e-6,2,1.7712111e-6,-0.399,1.3369754e-6,1.3369754e-6,4.342356999999999e-7,NA,NA,1134.15,36.816666666666606
transfer,3,SWV,14,1173.2166666666667,-0.226,i1,1.7532692e-6,2,1.7532692e-6,-0.385,1.3378822e-6,1.3378822e-6,4.1538700000000014e-7,NA,NA,1134.15,39.566666666666606
transfer,3,SWV,15,1176.0166666666667,-0.211,i1,1.731056e-6,2,1.731056e-6,-0.396,1.3185386e-6,1.3185386e-6,4.125174000000001e-7,NA,NA,1134.15,42.36666666666656
transfer,3,SWV,1,1137.1,-0.266,i1,2.9530738e-6,2,2.9530738e-6,-0.398,1.5898783e-6,1.5898783e-6,1.3631955e-6,NA,NA,1134.15,3.449999999999818
transfer,3,SWV,2,1139.9166666666667,-0.257,i1,2.629343e-6,2,2.629343e-6,-0.399,1.5429455e-6,1.5429455e-6,1.0863975000000001e-6,NA,NA,1134.15,6.2666666666666515
transfer,3,SWV,3,1142.6333333333334,-0.258,i1,2.3586629e-6,2,2.3586629e-6,-0.398,1.5011083e-6,1.5011083e-6,8.575546000000001e-7,NA,NA,1134.15,8.983333333333348
transfer,3,SWV,4,1145.3333333333333,-0.256,i1,2.2310901e-6,2,2.2310901e-6,-0.396,1.4712105e-6,1.4712105e-6,7.598796000000002e-7,NA,NA,1134.15,11.683333333333167
transfer,3,SWV,5,1148.05,-0.249,i1,2.1085634e-6,2,2.1085634e-6,-0.399,1.4429947e-6,1.4429947e-6,6.655686999999998e-7,NA,NA,1134.15,14.399999999999864
transfer,3,SWV,6,1151.1166666666666,-0.243,i1,2.0436391e-6,2,2.0436391e-6,-0.399,1.4110026e-6,1.4110026e-6,6.326365000000001e-7,NA,NA,1134.15,17.46666666666647
transfer,3,SWV,7,1153.85,-0.239,i1,1.9838765e-6,2,1.9838765e-6,-0.398,1.4176978e-6,1.4176978e-6,5.661787e-7,NA,NA,1134.15,20.199999999999818
transfer,3,SWV,8,1156.6833333333334,-0.233,i1,1.9280221e-6,2,1.9280221e-6,-0.389,1.4003165e-6,1.4003165e-6,5.277056e-7,NA,NA,1134.15,23.033333333333303
control,transfer,0,NA,890.35,-0.4,i1,1.2746077e-6,2,1.2746077e-6,-0.072,1.0262495e-6,1.0262495e-6,2.483582e-7,NA,NA,890.35,0.5
soak,1,GC,1,944.4,-0.399,i2,1.0390906e-6,1,1.0390906e-6,-0.141,4.8203891e-8,4.8203891e-8,9.908867089999999e-7,133.33363,47.333298,941.1833333333333,3.716666666666697
soak,1,GC,2,947.65,-0.399,i2,1.0383558e-6,1,1.0383558e-6,-0.151,4.2041052e-8,4.2041052e-8,9.96314748e-7,133.33363,50.666618,941.1833333333333,6.966666666666697
transfer,1,GC,1,954.3666666666667,-0.399,i2,3.3464687e-7,1,3.3464687e-7,-0.163,2.9937162e-8,2.9937162e-8,3.0470970800000003e-7,133.33363,54.666603,951.75,3.1166666666666742
transfer,1,GC,10,979.7833333333333,-0.399,i2,2.6450426e-8,1,2.6450426e-8,-0.199,8.8495549e-9,8.8495549e-9,1.7600871099999997e-8,133.33363,66.666588,951.75,28.533333333333303
transfer,1,GC,11,983.1666666666666,-0.399,i2,2.2212088e-8,1,2.2212088e-8,-0.205,8.9830365e-9,8.9830365e-9,1.3229051499999999e-8,133.33363,68.666603,951.75,31.91666666666663
transfer,1,GC,12,985.9666666666667,-0.399,i2,2.1074179e-8,1,2.1074179e-8,-0.198,7.8754825e-9,7.8754825e-9,1.3198696500000002e-8,133.33363,66.333252,951.75,34.7166666666667
transfer,1,GC,13,988.65,-0.399,i2,1.8669674e-8,1,1.8669674e-8,-0.204,7.5017983e-9,7.5017983e-9,1.11678757e-8,133.33363,68.333267,951.75,37.39999999999998
transfer,1,GC,14,991.4166666666666,-0.399,i2,1.5683634e-8,1,1.5683634e-8,-0.209,7.0139632e-9,7.0139632e-9,8.669670799999999e-9,133.33363,69.999947,951.75,40.16666666666663
transfer,1,GC,15,994.2333333333333,-0.399,i2,1.5353406e-8,1,1.5353406e-8,-0.209,6.9153101e-9,6.9153101e-9,8.438095899999998e-9,133.33363,69.999947,951.75,42.98333333333335
transfer,1,GC,2,957.1,-0.399,i2,1.9688729e-7,1,1.9688729e-7,-0.169,2.3909644e-8,2.3909644e-8,1.72977646e-7,133.33363,56.666595,951.75,5.850000000000023
transfer,1,GC,3,959.8333333333334,-0.399,i2,1.3323783e-7,1,1.3323783e-7,-0.167,2.0071671e-8,2.0071671e-8,1.1316615900000002e-7,133.33363,55.999931,951.75,8.583333333333371
transfer,1,GC,4,962.5833333333334,-0.399,i2,9.4199699e-8,1,9.4199699e-8,-0.178,1.6744776e-8,1.6744776e-8,7.7454923e-8,133.33363,59.666584,951.75,11.333333333333371
transfer,1,GC,5,965.45,-0.399,i2,7.0591526e-8,1,7.0591526e-8,-0.184,1.4271574e-8,1.4271574e-8,5.6319952e-8,133.33363,61.666576,951.75,14.200000000000045
transfer,1,GC,6,968.2,-0.399,i2,5.5431819e-8,1,5.5431819e-8,-0.179,1.2711252e-8,1.2711252e-8,4.2720567e-8,133.33363,59.999916,951.75,16.950000000000045
transfer,1,GC,7,970.9,-0.399,i2,4.3159424e-8,1,4.3159424e-8,-0.19,1.133466e-8,1.133466e-8,3.1824764e-8,133.33363,63.666569,951.75,19.649999999999977
transfer,1,GC,8,974.1166666666667,-0.399,i2,3.3903586e-8,1,3.3903586e-8,-0.195,1.006383e-8,1.006383e-8,2.3839755999999995e-8,133.33363,65.333244,951.75,22.866666666666674
transfer,1,GC,9,976.9333333333333,-0.399,i2,2.9271593e-8,1,2.9271593e-8,-0.198,9.2782768e-9,9.2782768e-9,1.9993316200000004e-8,133.33363,66.333252,951.75,25.68333333333328
soak,2,GC,1,1014.75,-0.399,i2,8.6088323e-7,1,8.6088323e-7,-0.156,2.6883942e-8,2.6883942e-8,8.33999288e-7,133.33363,52.333279,1009.4,5.850000000000023
transfer,2,GC,1,1020.0833333333334,-0.399,i2,1.5488308e-7,1,1.5488308e-7,-0.176,1.5244606e-8,1.5244606e-8,1.39638474e-7,133.33363,58.99992,1017.4666666666667,3.1166666666666742
transfer,2,GC,10,1045.05,-0.399,i2,1.1268838e-8,1,1.1268838e-8,-0.213,5.8250906e-9,5.8250906e-9,5.4437473999999995e-9,133.33363,71.33329,1017.4666666666667,28.083333333333258
transfer,2,GC,11,1047.9166666666667,-0.399,i2,1.0727723e-8,1,1.0727723e-8,-0.217,5.6336154e-9,5.6336154e-9,5.0941075999999995e-9,133.33363,72.666634,1017.4666666666667,30.950000000000045
transfer,2,GC,12,1050.6666666666667,-0.399,i2,9.9771587e-9,1,9.9771587e-9,-0.218,5.3440461e-9,5.3440461e-9,4.6331125999999995e-9,133.33363,72.999969,1017.4666666666667,33.700000000000045
transfer,2,GC,13,1053.6166666666666,-0.399,i2,9.8222683e-9,1,9.8222683e-9,-0.218,5.40859e-9,5.40859e-9,4.4136783e-9,133.33363,72.999969,1017.4666666666667,36.649999999999864
transfer,2,GC,14,1056.4,-0.399,i2,8.8099332e-9,1,8.8099332e-9,-0.221,5.1714228e-9,5.1714228e-9,3.638510399999999e-9,133.33363,73.999977,1017.4666666666667,39.433333333333394
transfer,2,GC,15,1059.15,-0.399,i2,7.9454585e-9,1,7.9454585e-9,-0.222,4.9423234e-9,4.9423234e-9,3.0031350999999997e-9,133.33363,74.333313,1017.4666666666667,42.183333333333394
transfer,2,GC,2,1022.8333333333334,-0.399,i2,8.063148e-8,1,8.063148e-8,-0.183,1.1425086e-8,1.1425086e-8,6.920639399999999e-8,133.33363,61.333244,1017.4666666666667,5.866666666666674
transfer,2,GC,3,1025.6166666666666,-0.399,i2,4.9406939e-8,1,4.9406939e-8,-0.189,9.8820996e-9,9.8820996e-9,3.9524839399999997e-8,133.33363,63.333237,1017.4666666666667,8.649999999999864
transfer,2,GC,4,1028.2833333333333,-0.399,i2,3.3036876e-8,1,3.3036876e-8,-0.196,8.2653031e-9,8.2653031e-9,2.47715729e-8,133.33363,65.66658,1017.4666666666667,11.316666666666606
transfer,2,GC,5,1030.9833333333333,-0.399,i2,2.6007804e-8,1,2.6007804e-8,-0.201,7.6991853e-9,7.6991853e-9,1.83086187e-8,133.33363,67.33326,1017.4666666666667,14.016666666666652
transfer,2,GC,6,1034.1666666666667,-0.399,i2,2.0422588e-8,1,2.0422588e-8,-0.207,7.371991e-9,7.371991e-9,1.3050597000000001e-8,133.33363,69.333275,1017.4666666666667,17.200000000000045
transfer,2,GC,7,1036.8166666666666,-0.399,i2,1.6998001e-8,1,1.6998001e-8,-0.207,6.6390804e-9,6.6390804e-9,1.0358920600000001e-8,133.33363,69.333275,1017.4666666666667,19.84999999999991
transfer,2,GC,8,1039.5833333333333,-0.399,i2,1.4154788e-8,1,1.4154788e-8,-0.211,6.3169994e-9,6.3169994e-9,7.8377886e-9,133.33363,70.666618,1017.4666666666667,22.61666666666656
transfer,2,GC,9,1042.3,-0.399,i2,1.2988999e-8,1,1.2988999e-8,-0.212,5.9018568e-9,5.9018568e-9,7.087142199999999e-9,133.33363,70.999954,1017.4666666666667,25.333333333333258
soak,3,GC,1,1104.8333333333333,-0.399,i2,9.8395549e-7,1,9.8395549e-7,-0.157,3.7910748e-8,3.7910748e-8,9.460447419999999e-7,133.33363,52.666611,1102.15,3.1833333333331666
transfer,3,GC,1,1111.4833333333333,-0.399,i2,2.4151404e-7,1,2.4151404e-7,-0.173,2.4928131e-8,2.4928131e-8,2.16585909e-7,133.33363,57.999924,1108.9833333333333,3
transfer,3,GC,10,1136.5333333333333,-0.399,i2,1.8555285e-8,1,1.8555285e-8,-0.205,6.9525345e-9,6.9525345e-9,1.1602750500000001e-8,133.33363,68.666603,1108.9833333333333,28.049999999999955
transfer,3,GC,11,1139.25,-0.399,i2,1.6692214e-8,1,1.6692214e-8,-0.208,6.8481296e-9,6.8481296e-9,9.844084399999999e-9,133.33363,69.666611,1108.9833333333333,30.76666666666665
transfer,3,GC,12,1142.0833333333333,-0.399,i2,1.5177665e-8,1,1.5177665e-8,-0.209,6.499608e-9,6.499608e-9,8.678057000000002e-9,133.33363,69.999947,1108.9833333333333,33.59999999999991
transfer,3,GC,13,1144.8833333333334,-0.399,i2,1.3730538e-8,1,1.3730538e-8,-0.211,6.3253069e-9,6.3253069e-9,7.405231100000001e-9,133.33363,70.666618,1108.9833333333333,36.40000000000009
transfer,3,GC,14,1147.6333333333334,-0.399,i2,1.266572e-8,1,1.266572e-8,-0.214,6.1947811e-9,6.1947811e-9,6.470938900000001e-9,133.33363,71.666626,1108.9833333333333,39.15000000000009
transfer,3,GC,15,1150.4333333333334,-0.399,i2,1.2138425e-8,1,1.2138425e-8,-0.213,5.8369136e-9,5.8369136e-9,6.3015114000000005e-9,133.33363,71.33329,1108.9833333333333,41.950000000000045
transfer,3,GC,2,1114.3,-0.399,i2,1.3029612e-7,1,1.3029612e-7,-0.181,1.7528331e-8,1.7528331e-8,1.12767789e-7,133.33363,60.66658,1108.9833333333333,5.816666666666606
transfer,3,GC,3,1117,-0.399,i2,8.9127084e-8,1,8.9127084e-8,-0.183,1.4216694e-8,1.4216694e-8,7.491039e-8,133.33363,61.333244,1108.9833333333333,8.516666666666652
transfer,3,GC,4,1119.75,-0.399,i2,6.1866494e-8,1,6.1866494e-8,-0.188,1.1784391e-8,1.1784391e-8,5.0082103e-8,133.33363,62.999905,1108.9833333333333,11.266666666666652
transfer,3,GC,5,1122.4833333333333,-0.399,i2,4.6520508e-8,1,4.6520508e-8,-0.194,1.0103291e-8,1.0103291e-8,3.6417217e-8,133.33363,64.999908,1108.9833333333333,14
transfer,3,GC,6,1125.3166666666666,-0.399,i2,3.6709334e-8,1,3.6709334e-8,-0.198,9.2082209e-9,9.2082209e-9,2.7501113100000004e-8,133.33363,66.333252,1108.9833333333333,16.833333333333258
transfer,3,GC,7,1128.3,-0.399,i2,2.8860363e-8,1,2.8860363e-8,-0.201,8.4058938e-9,8.4058938e-9,2.0454469200000003e-8,133.33363,67.33326,1108.9833333333333,19.816666666666606
transfer,3,GC,8,1131.0833333333333,-0.399,i2,2.4386376e-8,1,2.4386376e-8,-0.201,7.7839379e-9,7.7839379e-9,1.66024381e-8,133.33363,67.33326,1108.9833333333333,22.59999999999991
transfer,3,GC,9,1133.8166666666666,-0.399,i2,2.0584906e-8,1,2.0584906e-8,-0.205,7.2870772e-9,7.2870772e-9,1.32978288e-8,133.33363,68.666603,1108.9833333333333,25.333333333333258
control,transfer,0,NA,924.6333333333333,-0.399,i2,2.9116622e-9,1,2.9116622e-9,-0.338,2.545407e-9,2.545407e-9,3.6625520000000006e-10,133.33363,113.00027,920.3333333333334,4.7999999999999545
soak,1,GC,1,918.75,-0.399,i2,1.0505896e-6,2,1.0505896e-6,-0.143,2.9070039e-8,2.9070039e-8,1.021519561e-6,133.33363,47.999962,918.75,0.5
transfer,1,GC,1,925.5333333333333,-0.399,i2,1.511123e-7,2,1.511123e-7,-0.163,1.5710819e-8,1.5710819e-8,1.35401481e-7,133.33363,54.666603,922.9166666666666,3.1166666666666742
transfer,1,GC,10,950.95,-0.399,i2,2.5776037e-8,2,2.5776037e-8,-0.203,6.6347936e-9,6.6347936e-9,1.91412434e-8,133.33363,67.999931,922.9166666666666,28.533333333333417
transfer,1,GC,11,953.6333333333333,-0.399,i2,2.4504031e-8,2,2.4504031e-8,-0.19,6.5173196e-9,6.5173196e-9,1.7986711399999998e-8,133.33363,63.666569,922.9166666666666,31.216666666666697
transfer,1,GC,12,956.35,-0.399,i2,2.2027375e-8,2,2.2027375e-8,-0.195,6.2776433e-9,6.2776433e-9,1.57497317e-8,133.33363,65.333244,922.9166666666666,33.933333333333394
transfer,1,GC,13,959.0833333333334,-0.399,i2,1.9099614e-8,2,1.9099614e-8,-0.188,5.6934617e-9,5.6934617e-9,1.3406152299999998e-8,133.33363,62.999905,922.9166666666666,36.66666666666674
transfer,1,GC,14,961.8,-0.399,i2,1.9159769e-8,2,1.9159769e-8,-0.195,5.807391e-9,5.807391e-9,1.3352378e-8,133.33363,65.333244,922.9166666666666,39.383333333333326
transfer,1,GC,15,964.5166666666667,-0.399,i2,1.738926e-8,2,1.738926e-8,-0.2,5.3326477e-9,5.3326477e-9,1.20566123e-8,133.33363,66.999924,922.9166666666666,42.10000000000002
transfer,1,GC,2,928.3666666666667,-0.399,i2,9.1375128e-8,2,9.1375128e-8,-0.172,1.4221825e-8,1.4221825e-8,7.715330299999999e-8,133.33363,57.666592,922.9166666666666,5.9500000000000455
transfer,1,GC,3,931.05,-0.399,i2,7.6917729e-8,2,7.6917729e-8,-0.182,1.2848411e-8,1.2848411e-8,6.406931799999999e-8,133.33363,60.999912,922.9166666666666,8.633333333333326
transfer,1,GC,4,934.25,-0.399,i2,5.9612823e-8,2,5.9612823e-8,-0.157,1.1366509e-8,1.1366509e-8,4.8246313999999995e-8,133.33363,52.666611,922.9166666666666,11.833333333333371
transfer,1,GC,5,937.4,-0.399,i2,5.3605909e-8,2,5.3605909e-8,-0.193,1.1011132e-8,1.1011132e-8,4.2594777e-8,133.33363,64.666573,922.9166666666666,14.983333333333348
transfer,1,GC,6,940.0833333333334,-0.399,i2,4.0711488e-8,2,4.0711488e-8,-0.192,9.5289909e-9,9.5289909e-9,3.1182497100000005e-8,133.33363,64.333237,922.9166666666666,17.666666666666742
transfer,1,GC,7,942.8333333333334,-0.399,i2,4.0746706e-8,2,4.0746706e-8,-0.196,7.8349478e-9,7.8349478e-9,3.2911758199999996e-8,133.33363,65.66658,922.9166666666666,20.416666666666742
transfer,1,GC,8,945.5,-0.399,i2,3.3331041e-8,2,3.3331041e-8,-0.193,7.3065491e-9,7.3065491e-9,2.6024491899999998e-8,133.33363,64.666573,922.9166666666666,23.08333333333337
transfer,1,GC,9,948.25,-0.399,i2,3.0446891e-8,2,3.0446891e-8,-0.19,7.1604744e-9,7.1604744e-9,2.3286416600000005e-8,133.33363,63.666569,922.9166666666666,25.83333333333337
soak,2,GC,1,986.9166666666666,-0.399,i2,9.9994793e-7,2,9.9994793e-7,-0.16,2.7450925e-8,2.7450925e-8,9.72497005e-7,133.33363,53.666607,986.9166666666666,0.5
transfer,2,GC,1,993.8166666666667,-0.399,i2,1.5865442e-7,2,1.5865442e-7,-0.154,9.71513e-9,9.71513e-9,1.4893929e-7,133.33363,51.666615,991.1666666666666,3.150000000000091
transfer,2,GC,10,1019.2166666666667,-0.399,i2,1.1112296e-8,2,1.1112296e-8,-0.21,4.2233768e-9,4.2233768e-9,6.8889192e-9,133.33363,70.333282,991.1666666666666,28.550000000000068
transfer,2,GC,11,1022.15,-0.399,i2,9.7135944e-9,2,9.7135944e-9,-0.208,3.8107975e-9,3.8107975e-9,5.9027969e-9,133.33363,69.666611,991.1666666666666,31.48333333333335
transfer,2,GC,12,1024.95,-0.399,i2,8.4999678e-9,2,8.4999678e-9,-0.207,3.6040948e-9,3.6040948e-9,4.895873e-9,133.33363,69.333275,991.1666666666666,34.28333333333342
transfer,2,GC,13,1027.6666666666667,-0.399,i2,1.0945657e-8,2,1.0945657e-8,-0.205,3.5503214e-9,3.5503214e-9,7.3953356000000005e-9,133.33363,68.666603,991.1666666666666,37.000000000000114
transfer,2,GC,14,1030.3666666666666,-0.399,i2,1.0811991e-8,2,1.0811991e-8,-0.213,3.543112e-9,3.543112e-9,7.268879e-9,133.33363,71.33329,991.1666666666666,39.69999999999993
transfer,2,GC,15,1033.1,-0.399,i2,8.8444718e-9,2,8.8444718e-9,-0.213,3.6754773e-9,3.6754773e-9,5.1689945e-9,133.33363,71.33329,991.1666666666666,42.43333333333328
transfer,2,GC,2,996.8833333333333,-0.399,i2,7.9615504e-8,2,7.9615504e-8,-0.175,7.7316562e-9,7.7316562e-9,7.18838478e-8,133.33363,58.666588,991.1666666666666,6.216666666666697
transfer,2,GC,3,1000.0166666666667,-0.399,i2,4.2046608e-8,2,4.2046608e-8,-0.185,5.9461382e-9,5.9461382e-9,3.61004698e-8,133.33363,61.999908,991.1666666666666,9.350000000000023
transfer,2,GC,4,1002.7166666666667,-0.399,i2,3.1071963e-8,2,3.1071963e-8,-0.191,5.0640163e-9,5.0640163e-9,2.6007946699999998e-8,133.33363,63.999901,991.1666666666666,12.050000000000068
transfer,2,GC,5,1005.45,-0.399,i2,2.2774886e-8,2,2.2774886e-8,-0.192,4.7432658e-9,4.7432658e-9,1.80316202e-8,133.33363,64.333237,991.1666666666666,14.783333333333417
transfer,2,GC,6,1008.1666666666666,-0.399,i2,2.0067537e-8,2,2.0067537e-8,-0.199,4.4176707e-9,4.4176707e-9,1.56498663e-8,133.33363,66.666588,991.1666666666666,17.5
transfer,2,GC,7,1010.85,-0.399,i2,1.5500689e-8,2,1.5500689e-8,-0.187,4.5742636e-9,4.5742636e-9,1.0926425400000001e-8,133.33363,62.666573,991.1666666666666,20.183333333333394
transfer,2,GC,8,1013.6666666666666,-0.399,i2,1.2525063e-8,2,1.2525063e-8,-0.202,4.0686743e-9,4.0686743e-9,8.4563887e-9,133.33363,67.666595,991.1666666666666,23
transfer,2,GC,9,1016.3833333333333,-0.399,i2,1.5729256e-8,2,1.5729256e-8,-0.205,4.2445314e-9,4.2445314e-9,1.1484724600000001e-8,133.33363,68.666603,991.1666666666666,25.716666666666697
soak,3,GC,1,1130.6833333333334,-0.399,i2,7.8218466e-7,2,7.8218466e-7,-0.135,1.884354e-8,1.884354e-8,7.6334112e-7,133.33363,45.333305,1130.6833333333334,0.5
transfer,3,GC,1,1136.7,-0.399,i2,1.3910831e-7,2,1.3910831e-7,-0.171,1.3070639e-8,1.3070639e-8,1.2603767099999998e-7,133.33363,57.33326,1134.15,3.0499999999999545
transfer,3,GC,10,1161.8833333333334,-0.399,i2,1.2037455e-8,2,1.2037455e-8,-0.198,4.7772089e-9,4.7772089e-9,7.2602461e-9,133.33363,66.333252,1134.15,28.23333333333335
transfer,3,GC,11,1164.6333333333334,-0.399,i2,8.9552374e-9,2,8.9552374e-9,-0.217,4.4092756e-9,4.4092756e-9,4.545961799999999e-9,133.33363,72.666634,1134.15,30.98333333333335
transfer,3,GC,12,1167.3333333333333,-0.399,i2,1.0390064e-8,2,1.0390064e-8,-0.218,4.5646447e-9,4.5646447e-9,5.8254193e-9,133.33363,72.999969,1134.15,33.68333333333317
transfer,3,GC,13,1170.15,-0.399,i2,9.4641601e-9,2,9.4641601e-9,-0.215,4.2907322e-9,4.2907322e-9,5.173427899999999e-9,133.33363,71.999962,1134.15,36.5
transfer,3,GC,14,1172.9,-0.399,i2,9.8961586e-9,2,9.8961586e-9,-0.21,3.8552197e-9,3.8552197e-9,6.0409389000000005e-9,133.33363,70.333282,1134.15,39.25
transfer,3,GC,15,1175.7,-0.399,i2,9.0485388e-9,2,9.0485388e-9,-0.225,3.8570569e-9,3.8570569e-9,5.1914819000000005e-9,133.33363,75.333321,1134.15,42.049999999999955
transfer,3,GC,2,1139.6166666666666,-0.399,i2,8.790618e-8,2,8.790618e-8,-0.159,1.0888044e-8,1.0888044e-8,7.7018136e-8,133.33363,53.333275,1134.15,5.96666666666647
transfer,3,GC,3,1142.35,-0.399,i2,4.6074611e-8,2,4.6074611e-8,-0.186,8.4022194e-9,8.4022194e-9,3.76723916e-8,133.33363,62.333241,1134.15,8.699999999999818
transfer,3,GC,4,1145.0833333333333,-0.399,i2,3.6688245e-8,2,3.6688245e-8,-0.192,7.7463147e-9,7.7463147e-9,2.8941930299999998e-8,133.33363,64.333237,1134.15,11.433333333333167
transfer,3,GC,5,1147.7666666666667,-0.399,i2,2.3896385e-8,2,2.3896385e-8,-0.194,6.387455e-9,6.387455e-9,1.7508930000000002e-8,133.33363,64.999908,1134.15,14.11666666666656
transfer,3,GC,6,1150.85,-0.399,i2,2.1596364e-8,2,2.1596364e-8,-0.196,6.3447185e-9,6.3447185e-9,1.52516455e-8,133.33363,65.66658,1134.15,17.199999999999818
transfer,3,GC,7,1153.5666666666666,-0.399,i2,1.6813795e-8,2,1.6813795e-8,-0.219,5.5361604e-9,5.5361604e-9,1.12776346e-8,133.33363,73.333305,1134.15,19.916666666666515
transfer,3,GC,8,1156.3166666666666,-0.399,i2,1.5587936e-8,2,1.5587936e-8,-0.203,5.1512927e-9,5.1512927e-9,1.04366433e-8,133.33363,67.999931,1134.15,22.666666666666515
transfer,3,GC,9,1159.1833333333334,-0.399,i2,1.2775956e-8,2,1.2775956e-8,-0.214,4.9629327e-9,4.9629327e-9,7.813023300000001e-9,133.33363,71.666626,1134.15,25.533333333333303
control,transfer,0,NA,894.6833333333333,-0.399,i2,1.9057969e-9,2,1.9057969e-9,-0.266,1.0217839e-9,1.0217839e-9,8.840130000000001e-10,133.33363,89.000092,890.35,4.8333333333332575
