PHZadded,PYO,reactor,echem,rep,minutes,E_from_maxs,electrode,current_from_maxs,PHZaddedInt,max_current,E_from_mins,current_from_mins,min_current,signal,min_time,time
100uM,PYO,transfer,SWV,0,1157.2166666666667,-0.28,i1,4.6215309e-6,100,4.6215309e-6,0.016,3.4919276e-7,3.4919276e-7,4.2723381400000004e-6,1157.2166666666667,0.1
100uM,PYO,transfer,SWV,9,1158.5166666666667,-0.283,i1,1.4653233e-6,100,1.4653233e-6,0.01,3.419533e-7,3.419533e-7,1.12337e-6,1157.2166666666667,1.3999999999999546
100uM,PYO,transfer,SWV,10,1158.6666666666667,-0.272,i1,1.4402242e-6,100,1.4402242e-6,0.026,3.3860567e-7,3.3860567e-7,1.1016185299999998e-6,1157.2166666666667,1.5500000000000456
100uM,PYO,transfer,SWV,11,1158.8,-0.276,i1,1.4329189e-6,100,1.4329189e-6,-0.004,3.292059e-7,3.292059e-7,1.103713e-6,1157.2166666666667,1.6833333333332576
100uM,PYO,transfer,SWV,12,1158.95,-0.286,i1,1.4071766e-6,100,1.4071766e-6,0.005,3.3771516e-7,3.3771516e-7,1.06946144e-6,1157.2166666666667,1.8333333333333486
100uM,PYO,transfer,SWV,13,1159.0833333333333,-0.284,i1,1.3910487e-6,100,1.3910487e-6,-0.005,3.3425209e-7,3.3425209e-7,1.05679661e-6,1157.2166666666667,1.9666666666665606
100uM,PYO,transfer,SWV,14,1159.2333333333333,-0.275,i1,1.376108e-6,100,1.376108e-6,0.016,3.381769e-7,3.381769e-7,1.0379311e-6,1157.2166666666667,2.1166666666666516
100uM,PYO,transfer,SWV,15,1159.3833333333334,-0.285,i1,1.3642511e-6,100,1.3642511e-6,-0.018,3.3238859e-7,3.3238859e-7,1.03186251e-6,1157.2166666666667,2.2666666666667425
100uM,PYO,transfer,SWV,16,1159.5166666666667,-0.279,i1,1.3584794e-6,100,1.3584794e-6,0.01,3.3321317e-7,3.3321317e-7,1.02526623e-6,1157.2166666666667,2.3999999999999546
100uM,PYO,transfer,SWV,17,1159.6666666666667,-0.276,i1,1.33841e-6,100,1.33841e-6,-0.014,3.3289984e-7,3.3289984e-7,1.00551016e-6,1157.2166666666667,2.5500000000000456
100uM,PYO,transfer,SWV,18,1159.8166666666666,-0.279,i1,1.3385089e-6,100,1.3385089e-6,-0.01,3.3756675e-7,3.3756675e-7,1.00094215e-6,1157.2166666666667,2.699999999999909
100uM,PYO,transfer,SWV,1,1157.3666666666666,-0.275,i1,3.4336817e-6,100,3.4336817e-6,0.009,3.4596053e-7,3.4596053e-7,3.08772117e-6,1157.2166666666667,0.24999999999986358
100uM,PYO,transfer,SWV,19,1159.95,-0.275,i1,1.3282188e-6,100,1.3282188e-6,0.011,3.3733585e-7,3.3733585e-7,9.9088295e-7,1157.2166666666667,2.8333333333333486
100uM,PYO,transfer,SWV,20,1160.1,-0.278,i1,1.3099469e-6,100,1.3099469e-6,-0.016,3.3740184e-7,3.3740184e-7,9.7254506e-7,1157.2166666666667,2.983333333333212
100uM,PYO,transfer,SWV,21,1160.25,-0.276,i1,1.3023116e-6,100,1.3023116e-6,-0.021,3.354229e-7,3.354229e-7,9.668886999999999e-7,1157.2166666666667,3.133333333333303
100uM,PYO,transfer,SWV,22,1160.3833333333334,-0.274,i1,1.3123711e-6,100,1.3123711e-6,-0.007,3.327844e-7,3.327844e-7,9.795867e-7,1157.2166666666667,3.2666666666667425
100uM,PYO,transfer,SWV,23,1160.5333333333333,-0.281,i1,1.2881791e-6,100,1.2881791e-6,0.014,3.3446645e-7,3.3446645e-7,9.5371265e-7,1157.2166666666667,3.416666666666606
100uM,PYO,transfer,SWV,24,1160.6833333333334,-0.294,i1,1.2885253e-6,100,1.2885253e-6,-0.015,3.276063e-7,3.276063e-7,9.609189999999999e-7,1157.2166666666667,3.566666666666697
100uM,PYO,transfer,SWV,25,1160.8166666666666,-0.273,i1,1.2716553e-6,100,1.2716553e-6,-0.018,3.3934771e-7,3.3934771e-7,9.323075900000002e-7,1157.2166666666667,3.699999999999909
100uM,PYO,transfer,SWV,26,1160.9666666666667,-0.288,i1,1.2776414e-6,100,1.2776414e-6,-0.014,3.4142556e-7,3.4142556e-7,9.362158400000001e-7,1157.2166666666667,3.85
100uM,PYO,transfer,SWV,27,1161.1,-0.296,i1,1.2791916e-6,100,1.2791916e-6,-0.017,3.3817687e-7,3.3817687e-7,9.4101473e-7,1157.2166666666667,3.983333333333212
100uM,PYO,transfer,SWV,28,1161.25,-0.288,i1,1.2633109e-6,100,1.2633109e-6,-0.007,3.3045919e-7,3.3045919e-7,9.3285171e-7,1157.2166666666667,4.133333333333303
100uM,PYO,transfer,SWV,2,1157.5,-0.278,i1,2.643591e-6,100,2.643591e-6,-0.001,3.4686755e-7,3.4686755e-7,2.29672345e-6,1157.2166666666667,0.383333333333303
100uM,PYO,transfer,SWV,29,1161.4,-0.289,i1,1.285392e-6,100,1.285392e-6,-0.029,3.3629692e-7,3.3629692e-7,9.4909508e-7,1157.2166666666667,4.283333333333394
100uM,PYO,transfer,SWV,30,1161.5333333333333,-0.299,i1,1.2547357e-6,100,1.2547357e-6,-0.001,3.2196641e-7,3.2196641e-7,9.3276929e-7,1157.2166666666667,4.416666666666606
100uM,PYO,transfer,SWV,31,1161.6833333333334,-0.281,i1,1.2423345e-6,100,1.2423345e-6,-0.016,3.3261949e-7,3.3261949e-7,9.0971501e-7,1157.2166666666667,4.566666666666697
100uM,PYO,transfer,SWV,32,1161.8333333333333,-0.274,i1,1.2439837e-6,100,1.2439837e-6,-0.007,3.3374084e-7,3.3374084e-7,9.1024286e-7,1157.2166666666667,4.71666666666656
100uM,PYO,transfer,SWV,33,1161.9666666666667,-0.277,i1,1.2501182e-6,100,1.2501182e-6,-0.01,3.3712149e-7,3.3712149e-7,9.129967100000001e-7,1157.2166666666667,4.85
100uM,PYO,transfer,SWV,34,1162.1166666666666,-0.287,i1,1.246045e-6,100,1.246045e-6,-0.023,3.3738533e-7,3.3738533e-7,9.0865967e-7,1157.2166666666667,4.999999999999863
100uM,PYO,transfer,SWV,35,1162.2666666666667,-0.279,i1,1.2461276e-6,100,1.2461276e-6,-0.002,3.3827584e-7,3.3827584e-7,9.078517599999999e-7,1157.2166666666667,5.149999999999954
100uM,PYO,transfer,SWV,36,1162.4,-0.282,i1,1.222628e-6,100,1.222628e-6,-0.003,3.3438403e-7,3.3438403e-7,8.882439700000001e-7,1157.2166666666667,5.283333333333394
100uM,PYO,transfer,SWV,37,1162.55,-0.289,i1,1.2283668e-6,100,1.2283668e-6,-0.01,3.3690708e-7,3.3690708e-7,8.914597200000001e-7,1157.2166666666667,5.433333333333257
100uM,PYO,transfer,SWV,38,1162.7,-0.28,i1,1.2257779e-6,100,1.2257779e-6,0.006,3.3860567e-7,3.3860567e-7,8.8717223e-7,1157.2166666666667,5.583333333333348
100uM,PYO,transfer,SWV,3,1157.65,-0.276,i1,2.2090749e-6,100,2.2090749e-6,0.008,3.3853968e-7,3.3853968e-7,1.8705352200000002e-6,1157.2166666666667,0.5333333333333939
100uM,PYO,transfer,SWV,39,1162.8333333333333,-0.293,i1,1.224475e-6,100,1.224475e-6,0.01,3.3952915e-7,3.3952915e-7,8.849458500000001e-7,1157.2166666666667,5.71666666666656
100uM,PYO,transfer,SWV,40,1162.9833333333333,-0.286,i1,1.2215562e-6,100,1.2215562e-6,-0.029,3.3769865e-7,3.3769865e-7,8.838575500000001e-7,1157.2166666666667,5.866666666666651
100uM,PYO,transfer,SWV,41,1163.1166666666666,-0.274,i1,1.2109526e-6,100,1.2109526e-6,-0.019,3.3824284e-7,3.3824284e-7,8.7270976e-7,1157.2166666666667,5.999999999999863
100uM,PYO,transfer,SWV,42,1163.2666666666667,-0.289,i1,1.2132778e-6,100,1.2132778e-6,-0.015,3.378141e-7,3.378141e-7,8.754637000000001e-7,1157.2166666666667,6.149999999999954
100uM,PYO,transfer,SWV,43,1163.4166666666667,-0.295,i1,1.2083965e-6,100,1.2083965e-6,0.013,3.4109576e-7,3.4109576e-7,8.6730074e-7,1157.2166666666667,6.300000000000045
100uM,PYO,transfer,SWV,44,1163.55,-0.276,i1,1.209287e-6,100,1.209287e-6,-0,3.3792952e-7,3.3792952e-7,8.713574800000001e-7,1157.2166666666667,6.433333333333257
100uM,PYO,transfer,SWV,45,1163.7,-0.29,i1,1.2110186e-6,100,1.2110186e-6,0.008,3.4040312e-7,3.4040312e-7,8.7061548e-7,1157.2166666666667,6.583333333333348
100uM,PYO,transfer,SWV,46,1163.85,-0.286,i1,1.2144817e-6,100,1.2144817e-6,-0.007,3.3138269e-7,3.3138269e-7,8.830990100000001e-7,1157.2166666666667,6.733333333333212
100uM,PYO,transfer,SWV,47,1163.9833333333333,-0.289,i1,1.2001676e-6,100,1.2001676e-6,0.009,3.3540644e-7,3.3540644e-7,8.647611599999999e-7,1157.2166666666667,6.866666666666651
100uM,PYO,transfer,SWV,48,1164.1333333333334,-0.29,i1,1.2063022e-6,100,1.2063022e-6,0.001,3.3835829e-7,3.3835829e-7,8.679439099999999e-7,1157.2166666666667,7.016666666666742
100uM,PYO,transfer,SWV,4,1157.8,-0.282,i1,1.8922372e-6,100,1.8922372e-6,-0.003,3.4018876e-7,3.4018876e-7,1.5520484399999999e-6,1157.2166666666667,0.6833333333332575
100uM,PYO,transfer,SWV,49,1164.2833333333333,-0.283,i1,1.2020146e-6,100,1.2020146e-6,-0.007,3.3383981e-7,3.3383981e-7,8.681747899999999e-7,1157.2166666666667,7.166666666666606
100uM,PYO,transfer,SWV,5,1157.9333333333334,-0.278,i1,1.7300995e-6,100,1.7300995e-6,0.001,3.3512609e-7,3.3512609e-7,1.39497341e-6,1157.2166666666667,0.816666666666697
100uM,PYO,transfer,SWV,6,1158.0833333333333,-0.282,i1,1.6115307e-6,100,1.6115307e-6,0.014,3.408154e-7,3.408154e-7,1.2707153e-6,1157.2166666666667,0.9666666666665605
100uM,PYO,transfer,SWV,7,1158.2333333333333,-0.274,i1,1.5471835e-6,100,1.5471835e-6,0.005,3.3764917e-7,3.3764917e-7,1.20953433e-6,1157.2166666666667,1.1166666666666516
100uM,PYO,transfer,SWV,8,1158.3666666666666,-0.279,i1,1.5231399e-6,100,1.5231399e-6,-0,3.351096e-7,3.351096e-7,1.1880303e-6,1157.2166666666667,1.2499999999998637
10uM,PYO,transfer,SWV,0,1037.2833333333333,-0.296,i1,7.5224443e-7,10,7.5224443e-7,-0.199,4.1015923e-7,4.1015923e-7,3.420852e-7,1037.2833333333333,0.1
10uM,PYO,transfer,SWV,9,1038.5833333333333,-0.298,i1,7.5362971e-7,10,7.5362971e-7,-0.189,4.1116516e-7,4.1116516e-7,3.4246454999999995e-7,1037.2833333333333,1.3999999999999546
10uM,PYO,transfer,SWV,10,1040.35,-0.29,i1,7.4894626e-7,10,7.4894626e-7,-0.2,3.630945e-7,3.630945e-7,3.8585176e-7,1037.2833333333333,3.166666666666606
10uM,PYO,transfer,SWV,11,1040.5,-0.296,i1,8.0170037e-7,10,8.0170037e-7,-0.187,3.8228978e-7,3.8228978e-7,4.1941058999999994e-7,1037.2833333333333,3.316666666666697
10uM,PYO,transfer,SWV,12,1040.6333333333334,-0.3,i1,8.0107372e-7,10,8.0107372e-7,-0.196,3.8852329e-7,3.8852329e-7,4.1255043e-7,1037.2833333333333,3.4500000000001365
10uM,PYO,transfer,SWV,13,1040.7833333333333,-0.287,i1,7.3847457e-7,10,7.3847457e-7,-0.197,3.6974029e-7,3.6974029e-7,3.6873427999999996e-7,1037.2833333333333,3.6
10uM,PYO,transfer,SWV,14,1040.9333333333334,-0.293,i1,7.5318439e-7,10,7.5318439e-7,-0.172,3.8461499e-7,3.8461499e-7,3.6856939999999997e-7,1037.2833333333333,3.750000000000091
10uM,PYO,transfer,SWV,15,1041.0666666666666,-0.297,i1,7.309053e-7,10,7.309053e-7,-0.166,3.9472383e-7,3.9472383e-7,3.3618147e-7,1037.2833333333333,3.883333333333303
10uM,PYO,transfer,SWV,16,1041.2166666666667,-0.287,i1,7.2373183e-7,10,7.2373183e-7,-0.173,3.9774164e-7,3.9774164e-7,3.2599019e-7,1037.2833333333333,4.033333333333394
10uM,PYO,transfer,SWV,17,1041.3666666666666,-0.298,i1,7.4825368e-7,10,7.4825368e-7,-0.172,3.8870471e-7,3.8870471e-7,3.5954897e-7,1037.2833333333333,4.183333333333257
10uM,PYO,transfer,SWV,18,1041.5,-0.297,i1,7.486824e-7,10,7.486824e-7,-0.183,3.8311433e-7,3.8311433e-7,3.6556807000000005e-7,1037.2833333333333,4.316666666666697
10uM,PYO,transfer,SWV,1,1037.4333333333334,-0.296,i1,7.9116273e-7,10,7.9116273e-7,-0.182,4.4236577e-7,4.4236577e-7,3.4879695999999993e-7,1037.2833333333333,0.2500000000000909
10uM,PYO,transfer,SWV,19,1041.65,-0.292,i1,7.4198715e-7,10,7.4198715e-7,-0.178,3.65799e-7,3.65799e-7,3.7618815000000005e-7,1037.2833333333333,4.466666666666788
10uM,PYO,transfer,SWV,2,1037.5833333333333,-0.297,i1,7.9851759e-7,10,7.9851759e-7,-0.183,4.146942e-7,4.146942e-7,3.8382339e-7,1037.2833333333333,0.3999999999999545
10uM,PYO,transfer,SWV,3,1037.7166666666667,-0.292,i1,7.9101432e-7,10,7.9101432e-7,-0.188,4.326692e-7,4.326692e-7,3.5834512e-7,1037.2833333333333,0.5333333333333939
10uM,PYO,transfer,SWV,4,1037.8666666666666,-0.298,i1,7.9647282e-7,10,7.9647282e-7,-0.177,4.2831562e-7,4.2831562e-7,3.681572e-7,1037.2833333333333,0.6833333333332575
10uM,PYO,transfer,SWV,5,1038.0166666666667,-0.299,i1,7.598137e-7,10,7.598137e-7,-0.19,4.0306821e-7,4.0306821e-7,3.5674548999999996e-7,1037.2833333333333,0.8333333333333485
10uM,PYO,transfer,SWV,6,1038.15,-0.3,i1,8.133099e-7,10,8.133099e-7,-0.167,4.3601682e-7,4.3601682e-7,3.7729308e-7,1037.2833333333333,0.9666666666667879
10uM,PYO,transfer,SWV,7,1038.3,-0.295,i1,7.4566458e-7,10,7.4566458e-7,-0.193,4.1294618e-7,4.1294618e-7,3.3271839999999994e-7,1037.2833333333333,1.1166666666666516
10uM,PYO,transfer,SWV,8,1038.45,-0.296,i1,7.7063169e-7,10,7.7063169e-7,-0.175,4.2531428e-7,4.2531428e-7,3.4531740999999995e-7,1037.2833333333333,1.2666666666667425
25uM,PYO,transfer,SWV,0,1084.95,-0.286,i1,1.7534999e-6,25,1.7534999e-6,-0.021,2.809868e-7,2.809868e-7,1.4725131e-6,1084.95,0.1
25uM,PYO,transfer,SWV,9,1086.25,-0.299,i1,1.1284822e-6,25,1.1284822e-6,-0.01,3.3926528e-7,3.3926528e-7,7.892169200000001e-7,1084.95,1.3999999999999546
25uM,PYO,transfer,SWV,10,1086.3833333333334,-0.295,i1,1.1120737e-6,25,1.1120737e-6,-0.035,3.4815383e-7,3.4815383e-7,7.639198700000001e-7,1084.95,1.533333333333394
25uM,PYO,transfer,SWV,11,1086.5333333333333,-0.296,i1,1.1304115e-6,25,1.1304115e-6,-0.005,3.499843e-7,3.499843e-7,7.804272e-7,1084.95,1.6833333333332576
25uM,PYO,transfer,SWV,12,1086.6666666666667,-0.29,i1,1.1189669e-6,25,1.1189669e-6,0.001,3.483517e-7,3.483517e-7,7.706152e-7,1084.95,1.816666666666697
25uM,PYO,transfer,SWV,13,1086.8166666666666,-0.289,i1,1.1014042e-6,25,1.1014042e-6,-0.024,3.440806e-7,3.440806e-7,7.573236e-7,1084.95,1.9666666666665606
25uM,PYO,transfer,SWV,14,1086.9666666666667,-0.297,i1,1.1191812e-6,25,1.1191812e-6,-0.025,3.5476666e-7,3.5476666e-7,7.644145400000001e-7,1084.95,2.1166666666666516
25uM,PYO,transfer,SWV,15,1087.1,-0.299,i1,1.0986173e-6,25,1.0986173e-6,-0.027,3.5113865e-7,3.5113865e-7,7.474786500000001e-7,1084.95,2.2499999999998637
25uM,PYO,transfer,SWV,16,1087.25,-0.291,i1,1.0940988e-6,25,1.0940988e-6,-0.019,3.5310106e-7,3.5310106e-7,7.409977399999999e-7,1084.95,2.3999999999999546
25uM,PYO,transfer,SWV,17,1087.4,-0.294,i1,1.0905203e-6,25,1.0905203e-6,-0.02,3.6039e-7,3.6039e-7,7.301302999999999e-7,1084.95,2.5500000000000456
25uM,PYO,transfer,SWV,18,1087.5333333333333,-0.294,i1,1.0878323e-6,25,1.0878323e-6,-0.022,3.5120462e-7,3.5120462e-7,7.366276800000001e-7,1084.95,2.6833333333332576
25uM,PYO,transfer,SWV,1,1085.0833333333333,-0.283,i1,1.437091e-6,25,1.437091e-6,-0.016,3.2503374e-7,3.2503374e-7,1.1120572599999999e-6,1084.95,0.23333333333321207
25uM,PYO,transfer,SWV,19,1087.6833333333334,-0.29,i1,1.0945935e-6,25,1.0945935e-6,-0.021,3.5001727e-7,3.5001727e-7,7.4457623e-7,1084.95,2.8333333333333486
25uM,PYO,transfer,SWV,20,1087.8333333333333,-0.297,i1,1.0859522e-6,25,1.0859522e-6,-0.023,3.508253e-7,3.508253e-7,7.351269000000001e-7,1084.95,2.983333333333212
25uM,PYO,transfer,SWV,21,1087.9666666666667,-0.294,i1,1.080329e-6,25,1.080329e-6,-0.01,3.6088471e-7,3.6088471e-7,7.1944429e-7,1084.95,3.1166666666666516
25uM,PYO,transfer,SWV,22,1088.1166666666666,-0.297,i1,1.0832478e-6,25,1.0832478e-6,-0.018,3.5080885e-7,3.5080885e-7,7.3243895e-7,1084.95,3.266666666666515
25uM,PYO,transfer,SWV,23,1088.2666666666667,-0.283,i1,1.0674992e-6,25,1.0674992e-6,-0.023,3.549975e-7,3.549975e-7,7.125017e-7,1084.95,3.416666666666606
25uM,PYO,transfer,SWV,24,1088.4,-0.296,i1,1.08554e-6,25,1.08554e-6,-0.029,3.5720728e-7,3.5720728e-7,7.283327200000001e-7,1084.95,3.5500000000000456
25uM,PYO,transfer,SWV,25,1088.55,-0.295,i1,1.0666581e-6,25,1.0666581e-6,-0.025,3.641664e-7,3.641664e-7,7.024917e-7,1084.95,3.699999999999909
25uM,PYO,transfer,SWV,26,1088.7,-0.294,i1,1.0700882e-6,25,1.0700882e-6,-0.027,3.5976333e-7,3.5976333e-7,7.103248699999999e-7,1084.95,3.85
25uM,PYO,transfer,SWV,27,1088.8333333333333,-0.294,i1,1.0734688e-6,25,1.0734688e-6,-0.017,3.5847705e-7,3.5847705e-7,7.149917500000001e-7,1084.95,3.983333333333212
25uM,PYO,transfer,SWV,28,1088.9833333333333,-0.297,i1,1.0798342e-6,25,1.0798342e-6,-0.035,3.5527785e-7,3.5527785e-7,7.2455635e-7,1084.95,4.133333333333303
25uM,PYO,transfer,SWV,2,1085.2333333333333,-0.286,i1,1.2679448e-6,25,1.2679448e-6,-0.012,3.2694663e-7,3.2694663e-7,9.409981700000001e-7,1084.95,0.383333333333303
25uM,PYO,transfer,SWV,29,1089.1166666666666,-0.298,i1,1.069742e-6,25,1.069742e-6,-0.036,3.6132997e-7,3.6132997e-7,7.0841203e-7,1084.95,4.266666666666515
25uM,PYO,transfer,SWV,30,1089.2666666666667,-0.292,i1,1.076668e-6,25,1.076668e-6,-0.011,3.6474358e-7,3.6474358e-7,7.1192442e-7,1084.95,4.416666666666606
25uM,PYO,transfer,SWV,31,1089.4166666666667,-0.298,i1,1.0682082e-6,25,1.0682082e-6,-0.031,3.6009317e-7,3.6009317e-7,7.081150300000001e-7,1084.95,4.566666666666697
25uM,PYO,transfer,SWV,32,1089.55,-0.29,i1,1.0569945e-6,25,1.0569945e-6,-0.016,3.5951598e-7,3.5951598e-7,6.974785199999999e-7,1084.95,4.699999999999909
25uM,PYO,transfer,SWV,33,1089.7,-0.294,i1,1.0653553e-6,25,1.0653553e-6,-0.034,3.6245135e-7,3.6245135e-7,7.0290395e-7,1084.95,4.85
25uM,PYO,transfer,SWV,34,1089.85,-0.29,i1,1.0500519e-6,25,1.0500519e-6,-0.035,3.6197312e-7,3.6197312e-7,6.880787799999999e-7,1084.95,4.999999999999863
25uM,PYO,transfer,SWV,35,1089.9833333333333,-0.299,i1,1.0544384e-6,25,1.0544384e-6,-0.034,3.6459517e-7,3.6459517e-7,6.8984323e-7,1084.95,5.133333333333303
25uM,PYO,transfer,SWV,36,1090.1333333333334,-0.288,i1,1.0681753e-6,25,1.0681753e-6,-0.038,3.6650806e-7,3.6650806e-7,7.0166724e-7,1084.95,5.283333333333394
25uM,PYO,transfer,SWV,37,1090.2833333333333,-0.287,i1,1.0457642e-6,25,1.0457642e-6,-0.025,3.6096716e-7,3.6096716e-7,6.8479704e-7,1084.95,5.433333333333257
25uM,PYO,transfer,SWV,38,1090.4166666666667,-0.293,i1,1.0486336e-6,25,1.0486336e-6,-0.026,3.5837812e-7,3.5837812e-7,6.902554799999998e-7,1084.95,5.566666666666697
25uM,PYO,transfer,SWV,3,1085.3833333333334,-0.284,i1,1.1961604e-6,25,1.1961604e-6,-0.02,3.2999745e-7,3.2999745e-7,8.6616295e-7,1084.95,0.5333333333333939
25uM,PYO,transfer,SWV,39,1090.5666666666666,-0.293,i1,1.0533006e-6,25,1.0533006e-6,-0.014,3.7099358e-7,3.7099358e-7,6.823070200000001e-7,1084.95,5.71666666666656
25uM,PYO,transfer,SWV,40,1090.7166666666667,-0.3,i1,1.0537128e-6,25,1.0537128e-6,-0.038,3.6802524e-7,3.6802524e-7,6.8568756e-7,1084.95,5.866666666666651
25uM,PYO,transfer,SWV,41,1090.85,-0.299,i1,1.0432907e-6,25,1.0432907e-6,-0.032,3.6281415e-7,3.6281415e-7,6.804765499999999e-7,1084.95,5.999999999999863
25uM,PYO,transfer,SWV,42,1091,-0.295,i1,1.0474628e-6,25,1.0474628e-6,-0.035,3.5603642e-7,3.5603642e-7,6.9142638e-7,1084.95,6.149999999999954
25uM,PYO,transfer,SWV,43,1091.15,-0.298,i1,1.0531686e-6,25,1.0531686e-6,-0.029,3.6403446e-7,3.6403446e-7,6.8913414e-7,1084.95,6.300000000000045
25uM,PYO,transfer,SWV,44,1091.2833333333333,-0.295,i1,1.0449726e-6,25,1.0449726e-6,-0.035,3.6520532e-7,3.6520532e-7,6.797672800000001e-7,1084.95,6.433333333333257
25uM,PYO,transfer,SWV,45,1091.4333333333334,-0.295,i1,1.0543889e-6,25,1.0543889e-6,-0.04,3.6723367e-7,3.6723367e-7,6.8715523e-7,1084.95,6.583333333333348
25uM,PYO,transfer,SWV,46,1091.5666666666666,-0.287,i1,1.0429443e-6,25,1.0429443e-6,-0.01,3.6728315e-7,3.6728315e-7,6.7566115e-7,1084.95,6.71666666666656
25uM,PYO,transfer,SWV,47,1091.7166666666667,-0.3,i1,1.0490294e-6,25,1.0490294e-6,-0.028,3.6690386e-7,3.6690386e-7,6.821255399999999e-7,1084.95,6.866666666666651
25uM,PYO,transfer,SWV,48,1091.8666666666666,-0.292,i1,1.0261401e-6,25,1.0261401e-6,-0.03,3.5667958e-7,3.5667958e-7,6.6946052e-7,1084.95,7.016666666666515
25uM,PYO,transfer,SWV,4,1085.5166666666667,-0.281,i1,1.1737e-6,25,1.1737e-6,-0.033,3.3713798e-7,3.3713798e-7,8.3656202e-7,1084.95,0.666666666666606
25uM,PYO,transfer,SWV,49,1092,-0.291,i1,1.0437524e-6,25,1.0437524e-6,-0.029,3.6340782e-7,3.6340782e-7,6.8034458e-7,1084.95,7.149999999999954
25uM,PYO,transfer,SWV,5,1085.6666666666667,-0.288,i1,1.1506457e-6,25,1.1506457e-6,-0.035,3.3947964e-7,3.3947964e-7,8.111660600000001e-7,1084.95,0.816666666666697
25uM,PYO,transfer,SWV,6,1085.8166666666666,-0.285,i1,1.1499037e-6,25,1.1499037e-6,-0.006,3.3379035e-7,3.3379035e-7,8.1611335e-7,1084.95,0.9666666666665605
25uM,PYO,transfer,SWV,7,1085.95,-0.298,i1,1.1301312e-6,25,1.1301312e-6,-0.019,3.3408719e-7,3.3408719e-7,7.960440100000001e-7,1084.95,1.1
25uM,PYO,transfer,SWV,8,1086.1,-0.282,i1,1.1367605e-6,25,1.1367605e-6,-0.013,3.4614195e-7,3.4614195e-7,7.9061855e-7,1084.95,1.2499999999998637
50uM,PYO,transfer,SWV,0,1108.45,-0.282,i1,3.123457e-6,50,3.123457e-6,0.011,3.0824609e-7,3.0824609e-7,2.81521091e-6,1108.45,0.1
50uM,PYO,transfer,SWV,9,1109.75,-0.271,i1,1.3039278e-6,50,1.3039278e-6,-0.016,3.5054501e-7,3.5054501e-7,9.5338279e-7,1108.45,1.3999999999999546
50uM,PYO,transfer,SWV,10,1109.9,-0.283,i1,1.289894e-6,50,1.289894e-6,0.001,3.4637281e-7,3.4637281e-7,9.435211899999999e-7,1108.45,1.5500000000000456
50uM,PYO,transfer,SWV,11,1110.05,-0.285,i1,1.2832484e-6,50,1.2832484e-6,0.011,3.4807135e-7,3.4807135e-7,9.351770500000001e-7,1108.45,1.6999999999999091
50uM,PYO,transfer,SWV,12,1110.1833333333334,-0.274,i1,1.266774e-6,50,1.266774e-6,-0.019,3.5008327e-7,3.5008327e-7,9.1669073e-7,1108.45,1.8333333333333486
50uM,PYO,transfer,SWV,13,1110.3333333333333,-0.294,i1,1.2598148e-6,50,1.2598148e-6,-0.013,3.5339787e-7,3.5339787e-7,9.064169300000001e-7,1108.45,1.9833333333332122
50uM,PYO,transfer,SWV,14,1110.4666666666667,-0.29,i1,1.2556591e-6,50,1.2556591e-6,-0.011,3.4584508e-7,3.4584508e-7,9.0981402e-7,1108.45,2.1166666666666516
50uM,PYO,transfer,SWV,15,1110.6166666666666,-0.294,i1,1.2319784e-6,50,1.2319784e-6,-0.001,3.4579563e-7,3.4579563e-7,8.861827700000001e-7,1108.45,2.266666666666515
50uM,PYO,transfer,SWV,16,1110.7666666666667,-0.279,i1,1.2363485e-6,50,1.2363485e-6,-0.005,3.4648826e-7,3.4648826e-7,8.898602400000001e-7,1108.45,2.416666666666606
50uM,PYO,transfer,SWV,17,1110.9,-0.283,i1,1.2303128e-6,50,1.2303128e-6,-0.014,3.4299219e-7,3.4299219e-7,8.8732061e-7,1108.45,2.5500000000000456
50uM,PYO,transfer,SWV,18,1111.05,-0.281,i1,1.2305768e-6,50,1.2305768e-6,-0.021,3.4777452e-7,3.4777452e-7,8.828022800000001e-7,1108.45,2.699999999999909
50uM,PYO,transfer,SWV,1,1108.6,-0.275,i1,2.2380823e-6,50,2.2380823e-6,-0.013,3.34351e-7,3.34351e-7,1.9037313e-6,1108.45,0.24999999999986358
50uM,PYO,transfer,SWV,19,1111.2,-0.279,i1,1.2206162e-6,50,1.2206162e-6,-0.015,3.4508653e-7,3.4508653e-7,8.7552967e-7,1108.45,2.85
50uM,PYO,transfer,SWV,20,1111.3333333333333,-0.28,i1,1.2135087e-6,50,1.2135087e-6,-0.018,3.5699293e-7,3.5699293e-7,8.565157699999999e-7,1108.45,2.983333333333212
50uM,PYO,transfer,SWV,21,1111.4833333333333,-0.281,i1,1.2062362e-6,50,1.2062362e-6,-0.021,3.5033059e-7,3.5033059e-7,8.5590561e-7,1108.45,3.133333333333303
50uM,PYO,transfer,SWV,22,1111.6333333333334,-0.298,i1,1.2003654e-6,50,1.2003654e-6,-0.012,3.4851664e-7,3.4851664e-7,8.518487600000001e-7,1108.45,3.283333333333394
50uM,PYO,transfer,SWV,23,1111.7666666666667,-0.287,i1,1.1982052e-6,50,1.1982052e-6,-0.006,3.5514591e-7,3.5514591e-7,8.4305929e-7,1108.45,3.416666666666606
50uM,PYO,transfer,SWV,24,1111.9166666666667,-0.287,i1,1.1894485e-6,50,1.1894485e-6,0.004,3.5028114e-7,3.5028114e-7,8.391673599999999e-7,1108.45,3.566666666666697
50uM,PYO,transfer,SWV,25,1112.05,-0.28,i1,1.1908833e-6,50,1.1908833e-6,-0.008,3.5110565e-7,3.5110565e-7,8.3977765e-7,1108.45,3.699999999999909
50uM,PYO,transfer,SWV,26,1112.2,-0.291,i1,1.1757447e-6,50,1.1757447e-6,0.014,3.5321648e-7,3.5321648e-7,8.225282199999999e-7,1108.45,3.85
50uM,PYO,transfer,SWV,27,1112.35,-0.289,i1,1.1767506e-6,50,1.1767506e-6,-0.017,3.4533389e-7,3.4533389e-7,8.3141671e-7,1108.45,3.9999999999998637
50uM,PYO,transfer,SWV,28,1112.4833333333333,-0.296,i1,1.1817144e-6,50,1.1817144e-6,0.002,3.4449289e-7,3.4449289e-7,8.3722151e-7,1108.45,4.133333333333303
50uM,PYO,transfer,SWV,2,1108.75,-0.28,i1,1.874361e-6,50,1.874361e-6,-0.006,3.3661024e-7,3.3661024e-7,1.53775076e-6,1108.45,0.3999999999999545
50uM,PYO,transfer,SWV,29,1112.6333333333334,-0.288,i1,1.1565164e-6,50,1.1565164e-6,-0.021,3.5371121e-7,3.5371121e-7,8.0280519e-7,1108.45,4.283333333333394
50uM,PYO,transfer,SWV,30,1112.7833333333333,-0.291,i1,1.1591715e-6,50,1.1591715e-6,-0.019,3.5639925e-7,3.5639925e-7,8.0277225e-7,1108.45,4.433333333333257
50uM,PYO,transfer,SWV,31,1112.9166666666667,-0.287,i1,1.1644486e-6,50,1.1644486e-6,0.002,3.5511295e-7,3.5511295e-7,8.0933565e-7,1108.45,4.566666666666697
50uM,PYO,transfer,SWV,32,1113.0666666666666,-0.293,i1,1.1688846e-6,50,1.1688846e-6,-0.026,3.5592097e-7,3.5592097e-7,8.1296363e-7,1108.45,4.71666666666656
50uM,PYO,transfer,SWV,33,1113.2166666666667,-0.294,i1,1.1555765e-6,50,1.1555765e-6,-0.015,3.5418947e-7,3.5418947e-7,8.0138703e-7,1108.45,4.866666666666651
50uM,PYO,transfer,SWV,34,1113.35,-0.295,i1,1.1614306e-6,50,1.1614306e-6,-0.021,3.4652123e-7,3.4652123e-7,8.1490937e-7,1108.45,4.999999999999863
50uM,PYO,transfer,SWV,35,1113.5,-0.29,i1,1.1570112e-6,50,1.1570112e-6,-0.03,3.5369476e-7,3.5369476e-7,8.033164400000001e-7,1108.45,5.149999999999954
50uM,PYO,transfer,SWV,36,1113.65,-0.291,i1,1.15899e-6,50,1.15899e-6,-0.019,3.544863e-7,3.544863e-7,8.045037e-7,1108.45,5.300000000000045
50uM,PYO,transfer,SWV,37,1113.7833333333333,-0.293,i1,1.160161e-6,50,1.160161e-6,0.005,3.5090778e-7,3.5090778e-7,8.0925322e-7,1108.45,5.433333333333257
50uM,PYO,transfer,SWV,38,1113.9333333333334,-0.284,i1,1.1507282e-6,50,1.1507282e-6,-0.017,3.4723035e-7,3.4723035e-7,8.0349785e-7,1108.45,5.583333333333348
50uM,PYO,transfer,SWV,3,1108.8833333333334,-0.277,i1,1.6870092e-6,50,1.6870092e-6,-0.012,3.3694008e-7,3.3694008e-7,1.35006912e-6,1108.45,0.5333333333333939
50uM,PYO,transfer,SWV,39,1114.0666666666666,-0.292,i1,1.164696e-6,50,1.164696e-6,-0.02,3.6320992e-7,3.6320992e-7,8.0148608e-7,1108.45,5.71666666666656
50uM,PYO,transfer,SWV,40,1114.2166666666667,-0.284,i1,1.1317637e-6,50,1.1317637e-6,-0.015,3.4597704e-7,3.4597704e-7,7.8578666e-7,1108.45,5.866666666666651
50uM,PYO,transfer,SWV,41,1114.3666666666666,-0.284,i1,1.1409492e-6,50,1.1409492e-6,-0.01,3.5394208e-7,3.5394208e-7,7.870071199999999e-7,1108.45,6.016666666666515
50uM,PYO,transfer,SWV,42,1114.5,-0.28,i1,1.1284986e-6,50,1.1284986e-6,-0.03,3.6142893e-7,3.6142893e-7,7.670696700000001e-7,1108.45,6.149999999999954
50uM,PYO,transfer,SWV,43,1114.65,-0.285,i1,1.1436866e-6,50,1.1436866e-6,-0.006,3.4629036e-7,3.4629036e-7,7.973962400000001e-7,1108.45,6.300000000000045
50uM,PYO,transfer,SWV,44,1114.8,-0.285,i1,1.1315988e-6,50,1.1315988e-6,-0.008,3.6235241e-7,3.6235241e-7,7.692463899999999e-7,1108.45,6.449999999999909
50uM,PYO,transfer,SWV,45,1114.9333333333334,-0.292,i1,1.1373377e-6,50,1.1373377e-6,-0.008,3.5537681e-7,3.5537681e-7,7.819608900000001e-7,1108.45,6.583333333333348
50uM,PYO,transfer,SWV,46,1115.0833333333333,-0.283,i1,1.1288944e-6,50,1.1288944e-6,-0.021,3.512211e-7,3.512211e-7,7.776732999999999e-7,1108.45,6.733333333333212
50uM,PYO,transfer,SWV,47,1115.2333333333333,-0.291,i1,1.1336602e-6,50,1.1336602e-6,-0.041,3.6419937e-7,3.6419937e-7,7.694608300000001e-7,1108.45,6.883333333333303
50uM,PYO,transfer,SWV,48,1115.3666666666666,-0.289,i1,1.1346661e-6,50,1.1346661e-6,-0.029,3.6184119e-7,3.6184119e-7,7.7282491e-7,1108.45,7.016666666666515
50uM,PYO,transfer,SWV,4,1109.0333333333333,-0.272,i1,1.5334138e-6,50,1.5334138e-6,-0.01,3.4299222e-7,3.4299222e-7,1.19042158e-6,1108.45,0.6833333333332575
50uM,PYO,transfer,SWV,49,1115.5166666666667,-0.291,i1,1.1211107e-6,50,1.1211107e-6,-0.012,3.5755357e-7,3.5755357e-7,7.6355713e-7,1108.45,7.166666666666606
50uM,PYO,transfer,SWV,5,1109.1833333333334,-0.276,i1,1.4454023e-6,50,1.4454023e-6,0.001,3.4856609e-7,3.4856609e-7,1.09683621e-6,1108.45,0.8333333333333485
50uM,PYO,transfer,SWV,6,1109.3166666666666,-0.271,i1,1.3774272e-6,50,1.3774272e-6,-0.006,3.5024817e-7,3.5024817e-7,1.02717903e-6,1108.45,0.9666666666665605
50uM,PYO,transfer,SWV,7,1109.4666666666667,-0.286,i1,1.3498711e-6,50,1.3498711e-6,-0.031,3.510562e-7,3.510562e-7,9.988149e-7,1108.45,1.1166666666666516
50uM,PYO,transfer,SWV,8,1109.6166666666666,-0.287,i1,1.3348975e-6,50,1.3348975e-6,-0.013,3.4698297e-7,3.4698297e-7,9.879145299999999e-7,1108.45,1.2666666666665152
75uM,PYO,transfer,SWV,0,1136.0666666666666,-0.275,i1,3.1111713e-6,75,3.1111713e-6,-0.003,3.5140249e-7,3.5140249e-7,2.75976881e-6,1136.0666666666666,0.1
75uM,PYO,transfer,SWV,9,1137.35,-0.286,i1,1.3748382e-6,75,1.3748382e-6,0.007,3.4467425e-7,3.4467425e-7,1.03016395e-6,1136.0666666666666,1.383333333333303
75uM,PYO,transfer,SWV,10,1137.5,-0.282,i1,1.3631297e-6,75,1.3631297e-6,-0.018,3.3850671e-7,3.3850671e-7,1.02462299e-6,1136.0666666666666,1.533333333333394
75uM,PYO,transfer,SWV,11,1137.65,-0.283,i1,1.3478593e-6,75,1.3478593e-6,-0.004,3.4398164e-7,3.4398164e-7,1.00387766e-6,1136.0666666666666,1.683333333333485
75uM,PYO,transfer,SWV,12,1137.7833333333333,-0.279,i1,1.3387398e-6,75,1.3387398e-6,0.007,3.461914e-7,3.461914e-7,9.925484e-7,1136.0666666666666,1.816666666666697
75uM,PYO,transfer,SWV,13,1137.9333333333334,-0.276,i1,1.3182417e-6,75,1.3182417e-6,-0.012,3.4812084e-7,3.4812084e-7,9.701208600000001e-7,1136.0666666666666,1.966666666666788
75uM,PYO,transfer,SWV,14,1138.0833333333333,-0.282,i1,1.3014212e-6,75,1.3014212e-6,-0.003,3.4315713e-7,3.4315713e-7,9.5826407e-7,1136.0666666666666,2.1166666666666516
75uM,PYO,transfer,SWV,15,1138.2166666666667,-0.294,i1,1.307935e-6,75,1.307935e-6,-0.022,3.4248097e-7,3.4248097e-7,9.654540299999998e-7,1136.0666666666666,2.250000000000091
75uM,PYO,transfer,SWV,16,1138.3666666666666,-0.288,i1,1.2894983e-6,75,1.2894983e-6,0.015,3.4744471e-7,3.4744471e-7,9.4205359e-7,1136.0666666666666,2.3999999999999546
75uM,PYO,transfer,SWV,17,1138.5166666666667,-0.277,i1,1.2906855e-6,75,1.2906855e-6,-0.01,3.4305816e-7,3.4305816e-7,9.476273399999999e-7,1136.0666666666666,2.5500000000000456
75uM,PYO,transfer,SWV,18,1138.65,-0.273,i1,1.2673182e-6,75,1.2673182e-6,-0.011,3.4437744e-7,3.4437744e-7,9.229407600000001e-7,1136.0666666666666,2.683333333333485
75uM,PYO,transfer,SWV,1,1136.2,-0.28,i1,2.4357741e-6,75,2.4357741e-6,-0.015,3.5166636e-7,3.5166636e-7,2.0841077400000002e-06,1136.0666666666666,0.23333333333343945
75uM,PYO,transfer,SWV,19,1138.8,-0.284,i1,1.2680603e-6,75,1.2680603e-6,-0.019,3.4187082e-7,3.4187082e-7,9.2618948e-7,1136.0666666666666,2.8333333333333486
75uM,PYO,transfer,SWV,20,1138.95,-0.288,i1,1.2607878e-6,75,1.2607878e-6,-0.014,3.4889592e-7,3.4889592e-7,9.118918800000001e-7,1136.0666666666666,2.9833333333334395
75uM,PYO,transfer,SWV,21,1139.0833333333333,-0.275,i1,1.254142e-6,75,1.254142e-6,-0.008,3.4281078e-7,3.4281078e-7,9.1133122e-7,1136.0666666666666,3.1166666666666516
75uM,PYO,transfer,SWV,22,1139.2333333333333,-0.288,i1,1.2516354e-6,75,1.2516354e-6,-0.011,3.4544934e-7,3.4544934e-7,9.061860600000002e-7,1136.0666666666666,3.2666666666667425
75uM,PYO,transfer,SWV,23,1139.3666666666666,-0.286,i1,1.252328e-6,75,1.252328e-6,-0.005,3.4450935e-7,3.4450935e-7,9.0781865e-7,1136.0666666666666,3.3999999999999546
75uM,PYO,transfer,SWV,24,1139.5166666666667,-0.288,i1,1.2288946e-6,75,1.2288946e-6,-0.004,3.4046911e-7,3.4046911e-7,8.884254900000002e-7,1136.0666666666666,3.5500000000000456
75uM,PYO,transfer,SWV,25,1139.6666666666667,-0.283,i1,1.2209131e-6,75,1.2209131e-6,-0.016,3.4505354e-7,3.4505354e-7,8.758595599999999e-7,1136.0666666666666,3.7000000000001365
75uM,PYO,transfer,SWV,26,1139.8,-0.286,i1,1.2297027e-6,75,1.2297027e-6,0.012,3.4406409e-7,3.4406409e-7,8.856386099999999e-7,1136.0666666666666,3.8333333333333486
75uM,PYO,transfer,SWV,27,1139.95,-0.281,i1,1.20495e-6,75,1.20495e-6,-0.024,3.4408058e-7,3.4408058e-7,8.6086942e-7,1136.0666666666666,3.9833333333334395
75uM,PYO,transfer,SWV,28,1140.1,-0.287,i1,1.2197256e-6,75,1.2197256e-6,-0.008,3.4556479e-7,3.4556479e-7,8.741608100000001e-7,1136.0666666666666,4.133333333333303
75uM,PYO,transfer,SWV,2,1136.35,-0.278,i1,2.1177159e-6,75,2.1177159e-6,-0.016,3.422831e-7,3.422831e-7,1.7754328000000002e-6,1136.0666666666666,0.383333333333303
75uM,PYO,transfer,SWV,29,1140.2333333333333,-0.278,i1,1.2122224e-6,75,1.2122224e-6,0.003,3.4157398e-7,3.4157398e-7,8.7064842e-7,1136.0666666666666,4.266666666666742
75uM,PYO,transfer,SWV,30,1140.3833333333334,-0.297,i1,1.2137396e-6,75,1.2137396e-6,0.008,3.4604301e-7,3.4604301e-7,8.6769659e-7,1136.0666666666666,4.416666666666833
75uM,PYO,transfer,SWV,31,1140.5333333333333,-0.293,i1,1.2257779e-6,75,1.2257779e-6,-0.007,3.4068347e-7,3.4068347e-7,8.850944300000001e-7,1136.0666666666666,4.566666666666697
75uM,PYO,transfer,SWV,32,1140.6666666666667,-0.291,i1,1.2045541e-6,75,1.2045541e-6,-0.017,3.467521e-7,3.467521e-7,8.57802e-7,1136.0666666666666,4.700000000000136
75uM,PYO,transfer,SWV,33,1140.8166666666666,-0.294,i1,1.1971333e-6,75,1.1971333e-6,-0.003,3.5257335e-7,3.5257335e-7,8.4455995e-7,1136.0666666666666,4.85
75uM,PYO,transfer,SWV,34,1140.95,-0.278,i1,1.1906855e-6,75,1.1906855e-6,-0.011,3.4055157e-7,3.4055157e-7,8.5013393e-7,1136.0666666666666,4.983333333333439
75uM,PYO,transfer,SWV,35,1141.1,-0.291,i1,1.181665e-6,75,1.181665e-6,0.014,3.483517e-7,3.483517e-7,8.333132999999999e-7,1136.0666666666666,5.133333333333303
75uM,PYO,transfer,SWV,36,1141.25,-0.28,i1,1.1885745e-6,75,1.1885745e-6,-0.018,3.4718087e-7,3.4718087e-7,8.4139363e-7,1136.0666666666666,5.283333333333394
75uM,PYO,transfer,SWV,37,1141.3833333333334,-0.276,i1,1.184485e-6,75,1.184485e-6,-0.014,3.4741174e-7,3.4741174e-7,8.3707326e-7,1136.0666666666666,5.416666666666833
75uM,PYO,transfer,SWV,38,1141.5333333333333,-0.293,i1,1.1842375e-6,75,1.1842375e-6,-0.002,3.453174e-7,3.453174e-7,8.389200999999999e-7,1136.0666666666666,5.566666666666697
75uM,PYO,transfer,SWV,3,1136.5,-0.272,i1,1.8992293e-6,75,1.8992293e-6,0.012,3.4986886e-7,3.4986886e-7,1.54936044e-6,1136.0666666666666,0.5333333333333939
75uM,PYO,transfer,SWV,39,1141.6833333333334,-0.289,i1,1.1885252e-6,75,1.1885252e-6,-0.012,3.4234907e-7,3.4234907e-7,8.461761300000001e-7,1136.0666666666666,5.716666666666788
75uM,PYO,transfer,SWV,40,1141.8166666666666,-0.282,i1,1.1684888e-6,75,1.1684888e-6,-0.018,3.4737874e-7,3.4737874e-7,8.211100599999999e-7,1136.0666666666666,5.85
75uM,PYO,transfer,SWV,41,1141.9666666666667,-0.288,i1,1.1789768e-6,75,1.1789768e-6,0.005,3.4126066e-7,3.4126066e-7,8.377161399999999e-7,1136.0666666666666,6.000000000000091
75uM,PYO,transfer,SWV,42,1142.1166666666666,-0.283,i1,1.1665594e-6,75,1.1665594e-6,0.006,3.4218414e-7,3.4218414e-7,8.243752600000001e-7,1136.0666666666666,6.149999999999954
75uM,PYO,transfer,SWV,43,1142.25,-0.274,i1,1.1575389e-6,75,1.1575389e-6,-0,3.485826e-7,3.485826e-7,8.089563e-7,1136.0666666666666,6.283333333333394
75uM,PYO,transfer,SWV,44,1142.4,-0.28,i1,1.1717375e-6,75,1.1717375e-6,-0.02,3.4008983e-7,3.4008983e-7,8.3164767e-7,1136.0666666666666,6.433333333333485
75uM,PYO,transfer,SWV,45,1142.55,-0.28,i1,1.1713912e-6,75,1.1713912e-6,-0.008,3.4221713e-7,3.4221713e-7,8.2917407e-7,1136.0666666666666,6.583333333333348
75uM,PYO,transfer,SWV,46,1142.6833333333334,-0.293,i1,1.1591715e-6,75,1.1591715e-6,-0.007,3.4558127e-7,3.4558127e-7,8.135902300000001e-7,1136.0666666666666,6.716666666666788
75uM,PYO,transfer,SWV,47,1142.8333333333333,-0.289,i1,1.1581656e-6,75,1.1581656e-6,-0.022,3.47791e-7,3.47791e-7,8.103745999999999e-7,1136.0666666666666,6.866666666666651
75uM,PYO,transfer,SWV,48,1142.9666666666667,-0.291,i1,1.1563186e-6,75,1.1563186e-6,-0.031,3.5204567e-7,3.5204567e-7,8.042729299999999e-7,1136.0666666666666,7.000000000000091
75uM,PYO,transfer,SWV,4,1136.6333333333334,-0.275,i1,1.6795552e-6,75,1.6795552e-6,-0.001,3.4370132e-7,3.4370132e-7,1.3358538800000002e-6,1136.0666666666666,0.6666666666668334
75uM,PYO,transfer,SWV,49,1143.1166666666666,-0.286,i1,1.1540758e-6,75,1.1540758e-6,-0.007,3.4160698e-7,3.4160698e-7,8.1246882e-7,1136.0666666666666,7.149999999999954
75uM,PYO,transfer,SWV,5,1136.7833333333333,-0.27,i1,1.5633281e-6,75,1.5633281e-6,0.002,3.4863206e-7,3.4863206e-7,1.21469604e-6,1136.0666666666666,0.816666666666697
75uM,PYO,transfer,SWV,6,1136.9333333333334,-0.28,i1,1.5077046e-6,75,1.5077046e-6,-0.02,3.4993482e-7,3.4993482e-7,1.1577697799999998e-6,1136.0666666666666,0.9666666666667879
75uM,PYO,transfer,SWV,7,1137.0666666666666,-0.285,i1,1.4518666e-6,75,1.4518666e-6,-0.001,3.3931474e-7,3.3931474e-7,1.11255186e-6,1136.0666666666666,1.1
75uM,PYO,transfer,SWV,8,1137.2166666666667,-0.286,i1,1.3974802e-6,75,1.3974802e-6,0.012,3.4325606e-7,3.4325606e-7,1.05422414e-6,1136.0666666666666,1.250000000000091
